id,phase,kind,requirement,disposition,assessment,evidence_entry_points,report_section
P0-W01,0,work,"Inventory and classify all existing user changes before creating a reviewed baseline. The observed worktree contains 72 tracked modifications and 31 untracked paths, including this guide and migrations. Preserve every user change, discard nothing, and never create a blanket baseline commit without review.",open,"Historical baseline is present; reconcile current dirty branch, failing checks, stale architecture/runtime inventories and release identity integration.",snapshots/; schemas/; tests/test_phase0_snapshots.py; scripts/generate_production_task_index.py,Phase 0
P0-W02,0,work,"Record Git SHA, dirty-state resolution, generated OpenAPI snapshot, Alembic heads, database table/index/constraint inventory, chart version, image versions, dependency graph, estimator manifests, and exact test counts.",open,"Historical baseline is present; reconcile current dirty branch, failing checks, stale architecture/runtime inventories and release identity integration.",snapshots/; schemas/; tests/test_phase0_snapshots.py; scripts/generate_production_task_index.py,Phase 0
P0-W03,0,work,Define artifact version separately from qualification status. Phase 8 builds artifacts once with final embedded version `0.2.0` and writes an immutable artifact manifest. A separate signed qualification attestation carries `qualification_label=0.2.0-rc.1` and the decision status. A mutable release channel pointer references an approved attestation; neither attestation nor channel state is embedded in the artifact manifest.,open,"Historical baseline is present; reconcile current dirty branch, failing checks, stale architecture/runtime inventories and release identity integration.",snapshots/; schemas/; tests/test_phase0_snapshots.py; scripts/generate_production_task_index.py,Phase 0
P0-W04,0,work,"Define the SemVer display, Python PEP 440 representation, chart version, and image labels in the artifact-manifest schema. Update release CI before producing the first candidate.",open,"Historical baseline is present; reconcile current dirty branch, failing checks, stale architecture/runtime inventories and release identity integration.",snapshots/; schemas/; tests/test_phase0_snapshots.py; scripts/generate_production_task_index.py,Phase 0
P0-W05,0,work,"Inventory the existing mixed Python images and dependency locks. Define the candidate Python 3.12/runtime compatibility matrix and Phase 0A proof plan, but do not rebuild images, change locks, migrate the runtime, or claim wheel/ fit compatibility before the kill gate passes.",open,"Historical baseline is present; reconcile current dirty branch, failing checks, stale architecture/runtime inventories and release identity integration.",snapshots/; schemas/; tests/test_phase0_snapshots.py; scripts/generate_production_task_index.py,Phase 0
P0-W06,0,work,Declare Helm the supported deployment boundary. Label legacy Kustomize and partial Compose stacks evaluation-only.,open,"Historical baseline is present; reconcile current dirty branch, failing checks, stale architecture/runtime inventories and release identity integration.",snapshots/; schemas/; tests/test_phase0_snapshots.py; scripts/generate_production_task_index.py,Phase 0
P0-W07,0,work,"Freeze the requirements and decision register from Section 2, including named owners, approvers, sources, cost ceiling, and pending decisions.",open,"Historical baseline is present; reconcile current dirty branch, failing checks, stale architecture/runtime inventories and release identity integration.",snapshots/; schemas/; tests/test_phase0_snapshots.py; scripts/generate_production_task_index.py,Phase 0
P0-W08,0,work,"Inventory all Dask references and assign a removal or Ray/Polars replacement for every source, dependency, CI, Helm, test, script, and documentation path. The initial repository scan found the following Dask surfaces. Treat this as a lower bound and regenerate it with a hidden-file-aware search in Phase 0: ```text .github/workflows/ci.yml apps/api/automl_api/core/config.py apps/api/automl_api/services/{dask_profiling,kubernetes_training,profiling,profiling_jobs,training}.py apps/api/automl_api/training/{distributed_search,pipeline}.py infra/helm/sceptre/{values.yaml,values.schema.json} infra/helm/sceptre/examples/values-production.yaml infra/helm/sceptre/templates/{configmap,distributed-compute,network-policies,production-gates}.yaml pyproject.toml requirements-training.txt scripts/benchmark_dask_ingestion.py tests/{test_distributed_search,test_incremental_training,test_profiling}.py README.md docs/architecture/implementation-plan.md docs/production-readiness/README.md ```",open,"Historical baseline is present; reconcile current dirty branch, failing checks, stale architecture/runtime inventories and release identity integration.",snapshots/; schemas/; tests/test_phase0_snapshots.py; scripts/generate_production_task_index.py,Phase 0
P0-W09,0,work,"Reconcile the object-store protocol with current consumers, storage enum/URI migrations, and legacy content-hash semantics before changing schemas.",open,"Historical baseline is present; reconcile current dirty branch, failing checks, stale architecture/runtime inventories and release identity integration.",snapshots/; schemas/; tests/test_phase0_snapshots.py; scripts/generate_production_task_index.py,Phase 0
P0-W10,0,work,"Decide and document whether upload completion registers only the dataset or automatically starts profiling. Update the API, UI, scripts, and tests as one contract.",open,"Historical baseline is present; reconcile current dirty branch, failing checks, stale architecture/runtime inventories and release identity integration.",snapshots/; schemas/; tests/test_phase0_snapshots.py; scripts/generate_production_task_index.py,Phase 0
P0-W11,0,work,"Update stale documentation covering upload status, schema inventory, profiling behavior, React architecture, outputs, routes, and local clusters.",open,"Historical baseline is present; reconcile current dirty branch, failing checks, stale architecture/runtime inventories and release identity integration.",snapshots/; schemas/; tests/test_phase0_snapshots.py; scripts/generate_production_task_index.py,Phase 0
P0-W12,0,work,"Reconcile `.env.example`, typed settings, Helm values, and production policy. Remove undocumented settings and resolve conflicting access-token lifetimes.",open,"Historical baseline is present; reconcile current dirty branch, failing checks, stale architecture/runtime inventories and release identity integration.",snapshots/; schemas/; tests/test_phase0_snapshots.py; scripts/generate_production_task_index.py,Phase 0
P0-W13,0,work,Supersede the accepted Streamlit ADR with the current React/FastAPI architecture.,missing,Accepted ADR 0001 still specifies Streamlit; no superseding ADR found.,snapshots/; schemas/; tests/test_phase0_snapshots.py; scripts/generate_production_task_index.py,Phase 0
P0-W14,0,work,"Record the observed baseline of 259 passing backend tests, 2 skipped backend tests, and 40 passing UI tests. Resolve both skips or record a dated owner and removal gate; do not carry unexplained skips.",open,"Historical baseline is present; reconcile current dirty branch, failing checks, stale architecture/runtime inventories and release identity integration.",snapshots/; schemas/; tests/test_phase0_snapshots.py; scripts/generate_production_task_index.py,Phase 0
P0-W15,0,work,"Record the current approximately 4.85 MB minified Plotly build chunk and set a reviewed route-level JavaScript budget. Lazy-load visualization code outside upload, authentication, and run-control critical paths.",open,"Historical baseline is present; reconcile current dirty branch, failing checks, stale architecture/runtime inventories and release identity integration.",snapshots/; schemas/; tests/test_phase0_snapshots.py; scripts/generate_production_task_index.py,Phase 0
P0-W16,0,work,Replace the test that hardcodes migration head `0004_resumable_dataset_uploads` with a dynamic single-head assertion or a deliberately versioned migration manifest.,open,"Historical baseline is present; reconcile current dirty branch, failing checks, stale architecture/runtime inventories and release identity integration.",snapshots/; schemas/; tests/test_phase0_snapshots.py; scripts/generate_production_task_index.py,Phase 0
P0-W17,0,work,"Snapshot classification, regression, time-series, and clustering catalogs from the current baseline runtime. Phase 0A generates the candidate-runtime diff.",open,"Historical baseline is present; reconcile current dirty branch, failing checks, stale architecture/runtime inventories and release identity integration.",snapshots/; schemas/; tests/test_phase0_snapshots.py; scripts/generate_production_task_index.py,Phase 0
P0-W18,0,work,Add a machine-readable baseline record with hashes for every generated snapshot.,open,"Historical baseline is present; reconcile current dirty branch, failing checks, stale architecture/runtime inventories and release identity integration.",snapshots/; schemas/; tests/test_phase0_snapshots.py; scripts/generate_production_task_index.py,Phase 0
P0-W19,0,work,"reviewed baseline commit plus the artifact-manifest, qualification-attestation, and release-channel identity schemas;",open,"Historical baseline is present; reconcile current dirty branch, failing checks, stale architecture/runtime inventories and release identity integration.",snapshots/; schemas/; tests/test_phase0_snapshots.py; scripts/generate_production_task_index.py,Phase 0
P0-W20,0,work,OpenAPI and database inventory snapshots;,open,"Historical baseline is present; reconcile current dirty branch, failing checks, stale architecture/runtime inventories and release identity integration.",snapshots/; schemas/; tests/test_phase0_snapshots.py; scripts/generate_production_task_index.py,Phase 0
P0-W21,0,work,current Python/model dependency inventory and candidate migration plan;,open,"Historical baseline is present; reconcile current dirty branch, failing checks, stale architecture/runtime inventories and release identity integration.",snapshots/; schemas/; tests/test_phase0_snapshots.py; scripts/generate_production_task_index.py,Phase 0
P0-W22,0,work,baseline catalog snapshot and reviewed provisional exclusions;,open,"Historical baseline is present; reconcile current dirty branch, failing checks, stale architecture/runtime inventories and release identity integration.",snapshots/; schemas/; tests/test_phase0_snapshots.py; scripts/generate_production_task_index.py,Phase 0
P0-W23,0,work,test/evidence report tied to the baseline SHA;,open,"Historical baseline is present; reconcile current dirty branch, failing checks, stale architecture/runtime inventories and release identity integration.",snapshots/; schemas/; tests/test_phase0_snapshots.py; scripts/generate_production_task_index.py,Phase 0
P0-W24,0,work,updated architecture decisions and documentation map; and,open,"Historical baseline is present; reconcile current dirty branch, failing checks, stale architecture/runtime inventories and release identity integration.",snapshots/; schemas/; tests/test_phase0_snapshots.py; scripts/generate_production_task_index.py,Phase 0
P0-W25,0,work,checked-in `docs/production-readiness/task-index.yaml` with immutable IDs and bullet fingerprints for every Phase 0–13 work/gate item.,observed_pass,Task-index --check validates all 420 immutable IDs against the current guide.,snapshots/; schemas/; tests/test_phase0_snapshots.py; scripts/generate_production_task_index.py,Phase 0
P0-G01,0,gate,Checkout is clean and reproducible.,failed,Initial worktree has modified coverage.json; branch ahead 2 of local tracking ref.,snapshots/; schemas/; tests/test_phase0_snapshots.py; scripts/generate_production_task_index.py,Phase 0
P0-G02,0,gate,"The requirements register records the accepted Ray/Polars path, Dask prohibition, benchmark identity, pending numeric targets, approvers, and cost ceiling.",unqualified,"Historical baseline is present; reconcile current dirty branch, failing checks, stale architecture/runtime inventories and release identity integration.",snapshots/; schemas/; tests/test_phase0_snapshots.py; scripts/generate_production_task_index.py,Phase 0
P0-G03,0,gate,"The identity contract maps package, chart, image, and manifest versions without claiming that Phase 0 built the release artifacts.",unqualified,"Historical baseline is present; reconcile current dirty branch, failing checks, stale architecture/runtime inventories and release identity integration.",snapshots/; schemas/; tests/test_phase0_snapshots.py; scripts/generate_production_task_index.py,Phase 0
P0-G04,0,gate,Alembic reports one head.,observed_pass,Fresh alembic heads reports exactly 0010_phase3_contract_target.,snapshots/; schemas/; tests/test_phase0_snapshots.py; scripts/generate_production_task_index.py,Phase 0
P0-G05,0,gate,"Backend, UI, lint, build, and Helm checks pass with zero unexplained skips.",failed,Ruff reports 11 errors and Phase 2 candidate-binding validation fails; see current test results in report.,snapshots/; schemas/; tests/test_phase0_snapshots.py; scripts/generate_production_task_index.py,Phase 0
P0-G06,0,gate,"OpenAPI, table inventory, and catalog manifest match runtime behavior.",unqualified,"Historical baseline is present; reconcile current dirty branch, failing checks, stale architecture/runtime inventories and release identity integration.",snapshots/; schemas/; tests/test_phase0_snapshots.py; scripts/generate_production_task_index.py,Phase 0
P0-G07,0,gate,The readiness record is dated and names the frozen SHA.,unqualified,"Historical baseline is present; reconcile current dirty branch, failing checks, stale architecture/runtime inventories and release identity integration.",snapshots/; schemas/; tests/test_phase0_snapshots.py; scripts/generate_production_task_index.py,Phase 0
P0-G08,0,gate,Release CI validates the qualification-attestation label schema separately from the final embedded artifact version and immutable artifact-manifest digest.,unqualified,"Historical baseline is present; reconcile current dirty branch, failing checks, stale architecture/runtime inventories and release identity integration.",snapshots/; schemas/; tests/test_phase0_snapshots.py; scripts/generate_production_task_index.py,Phase 0
P0A-W01,0A,work,"Pin one Python 3.12 patch, KubeRay operator/CRD revision, and candidate Ray, PyArrow, Polars, scikit-optimize, sklearn, and deep-learning dependency lock. Prove imports, CR compatibility, and supported CPU/GPU wheels in the target images.",open,Local historical feasibility evidence exists; repeat affected proofs after runtime/guide changes and bind signed numeric/cost approvals to the candidate.,evidence/phase-0a/; decision-register.yaml; scripts/validate_ray_polars_runtime.py; packages/automl_shared/,Phase 0A
P0A-W02,0A,work,"Build a vertical spike that reads representative and pathological fixtures with Ray Data, transforms bounded Arrow batches with Polars, writes canonical Parquet, and produces stable row and split digests across worker counts.",open,Local historical feasibility evidence exists; repeat affected proofs after runtime/guide changes and bind signed numeric/cost approvals to the candidate.,evidence/phase-0a/; decision-register.yaml; scripts/validate_ray_polars_runtime.py; packages/automl_shared/,Phase 0A
P0A-W03,0A,work,"Implement one controlled feature family, one leakage rejection, one metadata-only feature view, and one signed recipe through training and inference parity.",open,Local historical feasibility evidence exists; repeat affected proofs after runtime/guide changes and bind signed numeric/cost approvals to the candidate.,evidence/phase-0a/; decision-register.yaml; scripts/validate_ray_polars_runtime.py; packages/automl_shared/,Phase 0A
P0A-W04,0A,work,"Implement a minimal scikit-optimize adapter for Ray Tune with typed search spaces, deterministic ask/tell behavior, concurrency, save, restore, cancellation, and trial retry.",open,Local historical feasibility evidence exists; repeat affected proofs after runtime/guide changes and bind signed numeric/cost approvals to the candidate.,evidence/phase-0a/; decision-register.yaml; scripts/validate_ray_polars_runtime.py; packages/automl_shared/,Phase 0A
P0A-W05,0A,work,"Exercise one ordinary sklearn estimator, one incremental estimator, one distributed-native CPU estimator, and one distributed deep-learning recipe.",open,Local historical feasibility evidence exists; repeat affected proofs after runtime/guide changes and bind signed numeric/cost approvals to the candidate.,evidence/phase-0a/; decision-register.yaml; scripts/validate_ray_polars_runtime.py; packages/automl_shared/,Phase 0A
P0A-W06,0A,work,"Exercise the scope-level champion refit and one-shot evaluator, including a refit retry, failure before/after `test_opened_at`, same-project cross-attempt denial, predecessor-checkpoint allowlisting, and delegated-credential expiry on each provider's credential mechanism.",open,Local historical feasibility evidence exists; repeat affected proofs after runtime/guide changes and bind signed numeric/cost approvals to the candidate.,evidence/phase-0a/; decision-register.yaml; scripts/validate_ray_polars_runtime.py; packages/automl_shared/,Phase 0A
P0A-W07,0A,work,Exercise the non-promotional provider refit/evaluator conformance path and prove its identity cannot request or resolve a release final allocation.,open,Local historical feasibility evidence exists; repeat affected proofs after runtime/guide changes and bind signed numeric/cost approvals to the candidate.,evidence/phase-0a/; decision-register.yaml; scripts/validate_ray_polars_runtime.py; packages/automl_shared/,Phase 0A
P0A-W08,0A,work,"Prove remote Tune/Train checkpoint recovery after worker, driver, Ray head, operator-leader, and complete ephemeral `RayCluster` loss. Separately rehearse loss and OpenTofu recreation of the containing Kubernetes cluster. Treat each recreated application workload as a new fenced attempt.",open,Local historical feasibility evidence exists; repeat affected proofs after runtime/guide changes and bind signed numeric/cost approvals to the candidate.,evidence/phase-0a/; decision-register.yaml; scripts/validate_ray_polars_runtime.py; packages/automl_shared/,Phase 0A
P0A-W09,0A,work,"Measure peak resident memory, Ray object-store memory, shuffle, spill, ephemeral storage, object reads, network throughput, driver/head pressure, scale-up delay, and end-to-end recovery time.",open,Local historical feasibility evidence exists; repeat affected proofs after runtime/guide changes and bind signed numeric/cost approvals to the candidate.,evidence/phase-0a/; decision-register.yaml; scripts/validate_ray_polars_runtime.py; packages/automl_shared/,Phase 0A
P0A-W10,0A,work,"Run a discrete scheduling simulation for the provisional 15-run catalog using measured long-tail runtimes, resource vectors, dependencies, retries, gang placement, provider quota, and node startup distributions.",open,Local historical feasibility evidence exists; repeat affected proofs after runtime/guide changes and bind signed numeric/cost approvals to the candidate.,evidence/phase-0a/; decision-register.yaml; scripts/validate_ray_polars_runtime.py; packages/automl_shared/,Phase 0A
P0A-W11,0A,work,"Validate the qualified per-attempt ephemeral-cluster topology, including 15 head pods, operator load, startup latency, quotas, workload identities, and cleanup. A shared-cluster experiment may inform a later ADR but cannot replace this topology in the current qualification.",open,Local historical feasibility evidence exists; repeat affected proofs after runtime/guide changes and bind signed numeric/cost approvals to the candidate.,evidence/phase-0a/; decision-register.yaml; scripts/validate_ray_polars_runtime.py; packages/automl_shared/,Phase 0A
P0A-W12,0A,work,"Freeze a protocol transport-security matrix for the Ray job submission path, dashboard, GCS/control traffic, Ray inter-node data, PostgreSQL, object store, MLflow, registry, and telemetry. Prove TLS/mTLS, trust-root validation, and certificate rotation for every supported endpoint. If the pinned Ray release cannot encrypt a required inter-node path, record the exact trusted-boundary compensating control and require explicit security acceptance before ADR-005 can pass; network isolation alone must not be mislabeled as encryption.",open,Local historical feasibility evidence exists; repeat affected proofs after runtime/guide changes and bind signed numeric/cost approvals to the candidate.,evidence/phase-0a/; decision-register.yaml; scripts/validate_ray_polars_runtime.py; packages/automl_shared/,Phase 0A
P0A-W13,0A,work,"Test the pending 8-core, 24 GB local profile with a bounded single-node Ray runtime, Polars streaming, and configured spill. Record the highest safe workload rather than claiming the production deadline.",open,Local historical feasibility evidence exists; repeat affected proofs after runtime/guide changes and bind signed numeric/cost approvals to the candidate.,evidence/phase-0a/; decision-register.yaml; scripts/validate_ray_polars_runtime.py; packages/automl_shared/,Phase 0A
P0A-W14,0A,work,"Produce expected, p90, and worst-case qualification cost for each provider, including compute, GPUs, storage, requests, network, telemetry, retained evidence, chaos repetitions, and reruns. This is a conservative feasibility envelope, not the exact campaign ledger.",open,Local historical feasibility evidence exists; repeat affected proofs after runtime/guide changes and bind signed numeric/cost approvals to the candidate.,evidence/phase-0a/; decision-register.yaml; scripts/validate_ray_polars_runtime.py; packages/automl_shared/,Phase 0A
P0A-G01,0A,gate,"Ray Data, Tune, Train, KubeRay, Polars, PyArrow, sklearn, and the selected deep framework import and run from the same pinned runtime family.",unqualified,Local historical feasibility evidence exists; repeat affected proofs after runtime/guide changes and bind signed numeric/cost approvals to the candidate.,evidence/phase-0a/; decision-register.yaml; scripts/validate_ray_polars_runtime.py; packages/automl_shared/,Phase 0A
P0A-G02,0A,gate,No 10 GiB path performs full pandas conversion or driver collection.,unqualified,Local historical feasibility evidence exists; repeat affected proofs after runtime/guide changes and bind signed numeric/cost approvals to the candidate.,evidence/phase-0a/; decision-register.yaml; scripts/validate_ray_polars_runtime.py; packages/automl_shared/,Phase 0A
P0A-G03,0A,gate,"Row, split, sample, schema, and recipe digests remain exact across worker count and provider. Floating aggregate outputs either use a deterministic algorithm or pass a separately recorded numeric-tolerance comparison.",unqualified,Local historical feasibility evidence exists; repeat affected proofs after runtime/guide changes and bind signed numeric/cost approvals to the candidate.,evidence/phase-0a/; decision-register.yaml; scripts/validate_ray_polars_runtime.py; packages/automl_shared/,Phase 0A
P0A-G04,0A,gate,"Canonical suggestion-log replay yields identical trial parameters, seeds, and recipe hashes across providers; objective quantization and stable tie-breaking make hardware-level score variation unable to alter the search sequence.",unqualified,Local historical feasibility evidence exists; repeat affected proofs after runtime/guide changes and bind signed numeric/cost approvals to the candidate.,evidence/phase-0a/; decision-register.yaml; scripts/validate_ray_polars_runtime.py; packages/automl_shared/,Phase 0A
P0A-G05,0A,gate,The Tune searcher and Train recipe restore from remote checkpoints without duplicate terminal writes or lost lineage.,unqualified,Local historical feasibility evidence exists; repeat affected proofs after runtime/guide changes and bind signed numeric/cost approvals to the candidate.,evidence/phase-0a/; decision-register.yaml; scripts/validate_ray_polars_runtime.py; packages/automl_shared/,Phase 0A
P0A-G06,0A,gate,"Worker, head, driver, operator, node, and cluster-loss drills have measured recovery behavior and an accepted resubmission design.",unqualified,Local historical feasibility evidence exists; repeat affected proofs after runtime/guide changes and bind signed numeric/cost approvals to the candidate.,evidence/phase-0a/; decision-register.yaml; scripts/validate_ray_polars_runtime.py; packages/automl_shared/,Phase 0A
P0A-G07,0A,gate,"The discrete schedule and representative benchmark pass every threshold generated from the signed decision register, produce zero unexplained unschedulable placements, retain at least 20% provider-quota headroom, and record measured p50/p95/p99 startup, fit, recovery, and wall-clock values.",unqualified,Local historical feasibility evidence exists; repeat affected proofs after runtime/guide changes and bind signed numeric/cost approvals to the candidate.,evidence/phase-0a/; decision-register.yaml; scripts/validate_ray_polars_runtime.py; packages/automl_shared/,Phase 0A
P0A-G08,0A,gate,"Every ADR and QLT row is accepted, rejected, or superseded. The resulting signed register generates the remaining phase and gate index.",unqualified,Local historical feasibility evidence exists; repeat affected proofs after runtime/guide changes and bind signed numeric/cost approvals to the candidate.,evidence/phase-0a/; decision-register.yaml; scripts/validate_ray_polars_runtime.py; packages/automl_shared/,Phase 0A
P0A-G09,0A,gate,"The budget owner approves the conservative cost envelope, preflight remaining- budget rule, overrun stop authority, and maximum Phase 1–4 implementation spend. Phase 4 and provider calibration later freeze the exact campaign ledger.",unqualified,Local historical feasibility evidence exists; repeat affected proofs after runtime/guide changes and bind signed numeric/cost approvals to the candidate.,evidence/phase-0a/; decision-register.yaml; scripts/validate_ray_polars_runtime.py; packages/automl_shared/,Phase 0A
P0A-G10,0A,gate,"A signed go/no-go record approves the implementation, narrows the pending target through a reviewed decision, or stops the program before material build-out.",unqualified,Local historical feasibility evidence exists; repeat affected proofs after runtime/guide changes and bind signed numeric/cost approvals to the candidate.,evidence/phase-0a/; decision-register.yaml; scripts/validate_ray_polars_runtime.py; packages/automl_shared/,Phase 0A
P1-W01,1,work,"Extend the existing upload-session table and add workflow-command, outbox, capacity-reservation, prepared-artifact, split, feature-contract, feature-registry, feature-recipe, catalog, candidate, attempt, trial, checkpoint, event, and digest-verification tables with project-scoped integrity constraints.",open,Durable primitives exist; complete isolated authority and trial/refit/evaluator integration and repeat production-sized migration/failure qualification.,apps/api/automl_api/models/workflows.py; services/workflow_state.py; services/reconciler.py; db/qualification_session.py; tests/test_phase1_*.py,Phase 1
P1-W02,1,work,"Represent splitter, preparation, training run, training trial, champion refit, champion evaluation, and typed provider-stage conformance attempts explicitly. Each row stores its parent scope or conformance campaign, stage, project-and-stage workload identity, generation/fence, RayJob/RayCluster IDs where applicable, heartbeat/lease, checkpoint, terminal CAS version, and cleanup state. A generic table is acceptable only if typed constraints and foreign keys make invalid parent/stage combinations impossible.",open,Durable primitives exist; complete isolated authority and trial/refit/evaluator integration and repeat production-sized migration/failure qualification.,apps/api/automl_api/models/workflows.py; services/workflow_state.py; services/reconciler.py; db/qualification_session.py; tests/test_phase1_*.py,Phase 1
P1-W03,1,work,Replace session-level worker locks with leased queue rows claimed using `FOR UPDATE SKIP LOCKED`.,open,Durable primitives exist; complete isolated authority and trial/refit/evaluator integration and repeat production-sized migration/failure qualification.,apps/api/automl_api/models/workflows.py; services/workflow_state.py; services/reconciler.py; db/qualification_session.py; tests/test_phase1_*.py,Phase 1
P1-W04,1,work,"Add `Idempotency-Key` handling to upload completion, training launch, validation, deployment, governance generation, monitoring ingestion, and cleanup execution.",open,Durable primitives exist; complete isolated authority and trial/refit/evaluator integration and repeat production-sized migration/failure qualification.,apps/api/automl_api/models/workflows.py; services/workflow_state.py; services/reconciler.py; db/qualification_session.py; tests/test_phase1_*.py,Phase 1
P1-W05,1,work,Store request hashes with idempotency records. Reusing a key with a different request returns a deterministic conflict.,open,Durable primitives exist; complete isolated authority and trial/refit/evaluator integration and repeat production-sized migration/failure qualification.,apps/api/automl_api/models/workflows.py; services/workflow_state.py; services/reconciler.py; db/qualification_session.py; tests/test_phase1_*.py,Phase 1
P1-W06,1,work,"Record desired state before object-store, Kubernetes, registry, or deployment side effects.",open,Durable primitives exist; complete isolated authority and trial/refit/evaluator integration and repeat production-sized migration/failure qualification.,apps/api/automl_api/models/workflows.py; services/workflow_state.py; services/reconciler.py; db/qualification_session.py; tests/test_phase1_*.py,Phase 1
P1-W07,1,work,"Build reconcilers for unfinished uploads, Kubernetes resources, registry artifacts, Ray jobs/trials, deployments, governance objects, and deletions.",open,Durable primitives exist; complete isolated authority and trial/refit/evaluator integration and repeat production-sized migration/failure qualification.,apps/api/automl_api/models/workflows.py; services/workflow_state.py; services/reconciler.py; db/qualification_session.py; tests/test_phase1_*.py,Phase 1
P1-W08,1,work,"Define one retry owner and map database attempt generations to KubeRay jobs, Tune trials, and Train runs. No controller may create an untracked nested retry.",open,Durable primitives exist; complete isolated authority and trial/refit/evaluator integration and repeat production-sized migration/failure qualification.,apps/api/automl_api/models/workflows.py; services/workflow_state.py; services/reconciler.py; db/qualification_session.py; tests/test_phase1_*.py,Phase 1
P1-W09,1,work,"Define the `ReleaseFinalTestAuthority` protocol and signed receipt schemas, including unique allocation, canonical provider/scope assignment, one-shot open, result commit/failure, provider-distribution manifests, and provider- local reference validation. Implement it in a separately protected, strongly consistent qualification-control store; provider databases are consumers, never competing authorities.",partial,Authority protocol/models and separate DB factory exist; isolated deployable service and runtime callers/credential integration not found.,apps/api/automl_api/models/workflows.py; services/workflow_state.py; services/reconciler.py; db/qualification_session.py; tests/test_phase1_*.py,Phase 1
P1-W10,1,work,"Bound PostgreSQL pools; configure connect, statement, idle-transaction, and lock timeouts; validate TLS CAs; set application names; export pool metrics; and qualify PgBouncer transaction mode.",open,Durable primitives exist; complete isolated authority and trial/refit/evaluator integration and repeat production-sized migration/failure qualification.,apps/api/automl_api/models/workflows.py; services/workflow_state.py; services/reconciler.py; db/qualification_session.py; tests/test_phase1_*.py,Phase 1
P1-W11,1,work,Implement expand/backfill/contract migrations. The previous release must continue to read during expansion and backfill.,open,Durable primitives exist; complete isolated authority and trial/refit/evaluator integration and repeat production-sized migration/failure qualification.,apps/api/automl_api/models/workflows.py; services/workflow_state.py; services/reconciler.py; db/qualification_session.py; tests/test_phase1_*.py,Phase 1
P1-W12,1,work,"Upgrade large artifact byte-size columns to `BigInteger` where 32-bit limits can be exceeded. Verify every column, type, constraint, index, default, and foreign key after migration rather than checking only table names and head.",open,Durable primitives exist; complete isolated authority and trial/refit/evaluator integration and repeat production-sized migration/failure qualification.,apps/api/automl_api/models/workflows.py; services/workflow_state.py; services/reconciler.py; db/qualification_session.py; tests/test_phase1_*.py,Phase 1
P1-W13,1,work,Introduce catalog and candidate APIs while retaining selected-model compatibility.,open,Durable primitives exist; complete isolated authority and trial/refit/evaluator integration and repeat production-sized migration/failure qualification.,apps/api/automl_api/models/workflows.py; services/workflow_state.py; services/reconciler.py; db/qualification_session.py; tests/test_phase1_*.py,Phase 1
P1-W14,1,work,"Add typed feature contracts, feature-search requests, estimator overrides, and version-conflict responses. Remove the generic client-controlled parameter dictionary before exposing Ray execution.",open,Durable primitives exist; complete isolated authority and trial/refit/evaluator integration and repeat production-sized migration/failure qualification.,apps/api/automl_api/models/workflows.py; services/workflow_state.py; services/reconciler.py; db/qualification_session.py; tests/test_phase1_*.py,Phase 1
P1-W15,1,work,Migrate legacy storage enum values and URIs without reinterpreting persisted objects. Add a no-fallback startup gate for unknown production drivers.,open,Durable primitives exist; complete isolated authority and trial/refit/evaluator integration and repeat production-sized migration/failure qualification.,apps/api/automl_api/models/workflows.py; services/workflow_state.py; services/reconciler.py; db/qualification_session.py; tests/test_phase1_*.py,Phase 1
P1-W16,1,work,Version content digests by algorithm and scope. Backfill or quarantine legacy resumable uploads whose stored hash describes a part manifest rather than object bytes.,open,Durable primitives exist; complete isolated authority and trial/refit/evaluator integration and repeat production-sized migration/failure qualification.,apps/api/automl_api/models/workflows.py; services/workflow_state.py; services/reconciler.py; db/qualification_session.py; tests/test_phase1_*.py,Phase 1
P1-W17,1,work,"Persist deletion tombstones and durable deletion stages for raw objects, multipart units, prepared data, samples, feature artifacts, Ray spill and checkpoints, Tune state, MLflow artifacts, models, logs, replicas, and backups.",open,Durable primitives exist; complete isolated authority and trial/refit/evaluator integration and repeat production-sized migration/failure qualification.,apps/api/automl_api/models/workflows.py; services/workflow_state.py; services/reconciler.py; db/qualification_session.py; tests/test_phase1_*.py,Phase 1
P1-W18,1,work,Define state transition functions centrally and reject impossible transitions at service and database boundaries.,open,Durable primitives exist; complete isolated authority and trial/refit/evaluator integration and repeat production-sized migration/failure qualification.,apps/api/automl_api/models/workflows.py; services/workflow_state.py; services/reconciler.py; db/qualification_session.py; tests/test_phase1_*.py,Phase 1
P1-W19,1,work,"Add lease expiry, heartbeat, retry budget, terminal reason, and operator replay fields to every durable worker workflow.",open,Durable primitives exist; complete isolated authority and trial/refit/evaluator integration and repeat production-sized migration/failure qualification.,apps/api/automl_api/models/workflows.py; services/workflow_state.py; services/reconciler.py; db/qualification_session.py; tests/test_phase1_*.py,Phase 1
P1-W20,1,work,Kill the API before and after each external side effect.,open,Durable primitives exist; complete isolated authority and trial/refit/evaluator integration and repeat production-sized migration/failure qualification.,apps/api/automl_api/models/workflows.py; services/workflow_state.py; services/reconciler.py; db/qualification_session.py; tests/test_phase1_*.py,Phase 1
P1-W21,1,work,Replay each command and outbox entry at least twice.,open,Durable primitives exist; complete isolated authority and trial/refit/evaluator integration and repeat production-sized migration/failure qualification.,apps/api/automl_api/models/workflows.py; services/workflow_state.py; services/reconciler.py; db/qualification_session.py; tests/test_phase1_*.py,Phase 1
P1-W22,1,work,Run multiple worker replicas against the same queue.,open,Durable primitives exist; complete isolated authority and trial/refit/evaluator integration and repeat production-sized migration/failure qualification.,apps/api/automl_api/models/workflows.py; services/workflow_state.py; services/reconciler.py; db/qualification_session.py; tests/test_phase1_*.py,Phase 1
P1-W23,1,work,Force PostgreSQL connection loss after claim and before commit.,open,Durable primitives exist; complete isolated authority and trial/refit/evaluator integration and repeat production-sized migration/failure qualification.,apps/api/automl_api/models/workflows.py; services/workflow_state.py; services/reconciler.py; db/qualification_session.py; tests/test_phase1_*.py,Phase 1
P1-W24,1,work,Reuse idempotency keys concurrently and with conflicting payloads.,open,Durable primitives exist; complete isolated authority and trial/refit/evaluator integration and repeat production-sized migration/failure qualification.,apps/api/automl_api/models/workflows.py; services/workflow_state.py; services/reconciler.py; db/qualification_session.py; tests/test_phase1_*.py,Phase 1
P1-W25,1,work,Rehearse migrations from every supported prior schema with production-scale row counts.,open,Durable primitives exist; complete isolated authority and trial/refit/evaluator integration and repeat production-sized migration/failure qualification.,apps/api/automl_api/models/workflows.py; services/workflow_state.py; services/reconciler.py; db/qualification_session.py; tests/test_phase1_*.py,Phase 1
P1-W26,1,work,"Kill the reconciler between database attempt creation, Ray submission, Ray ID persistence, checkpoint publication, and terminal writes.",open,Durable primitives exist; complete isolated authority and trial/refit/evaluator integration and repeat production-sized migration/failure qualification.,apps/api/automl_api/models/workflows.py; services/workflow_state.py; services/reconciler.py; db/qualification_session.py; tests/test_phase1_*.py,Phase 1
P1-W27,1,work,Kill a run with multiple active trials and prove one transaction supersedes every old trial attempt before replacements can write. Exercise attempt-grant expiry and predecessor-checkpoint allowlists.,open,Durable primitives exist; complete isolated authority and trial/refit/evaluator integration and repeat production-sized migration/failure qualification.,apps/api/automl_api/models/workflows.py; services/workflow_state.py; services/reconciler.py; db/qualification_session.py; tests/test_phase1_*.py,Phase 1
P1-W28,1,work,Race final-allocation/open/commit requests from all three provider identities; exactly one canonical request may advance state and every non-canonical or duplicate request must fail without receiving an object credential.,open,Durable primitives exist; complete isolated authority and trial/refit/evaluator integration and repeat production-sized migration/failure qualification.,apps/api/automl_api/models/workflows.py; services/workflow_state.py; services/reconciler.py; db/qualification_session.py; tests/test_phase1_*.py,Phase 1
P1-G01,1,gate,Repeating creation and finalization requests returns the same resource.,unqualified,Durable primitives exist; complete isolated authority and trial/refit/evaluator integration and repeat production-sized migration/failure qualification.,apps/api/automl_api/models/workflows.py; services/workflow_state.py; services/reconciler.py; db/qualification_session.py; tests/test_phase1_*.py,Phase 1
P1-G02,1,gate,API death around every side effect self-heals through reconciliation.,unqualified,Durable primitives exist; complete isolated authority and trial/refit/evaluator integration and repeat production-sized migration/failure qualification.,apps/api/automl_api/models/workflows.py; services/workflow_state.py; services/reconciler.py; db/qualification_session.py; tests/test_phase1_*.py,Phase 1
P1-G03,1,gate,Concurrent dataset/session creation cannot duplicate resources or exceed quotas.,unqualified,Durable primitives exist; complete isolated authority and trial/refit/evaluator integration and repeat production-sized migration/failure qualification.,apps/api/automl_api/models/workflows.py; services/workflow_state.py; services/reconciler.py; db/qualification_session.py; tests/test_phase1_*.py,Phase 1
P1-G04,1,gate,Worker replicas process a row once or perform an idempotent replay.,unqualified,Durable primitives exist; complete isolated authority and trial/refit/evaluator integration and repeat production-sized migration/failure qualification.,apps/api/automl_api/models/workflows.py; services/workflow_state.py; services/reconciler.py; db/qualification_session.py; tests/test_phase1_*.py,Phase 1
P1-G05,1,gate,Migration rehearsal succeeds from every supported schema and on a production-sized database.,unqualified,Durable primitives exist; complete isolated authority and trial/refit/evaluator integration and repeat production-sized migration/failure qualification.,apps/api/automl_api/models/workflows.py; services/workflow_state.py; services/reconciler.py; db/qualification_session.py; tests/test_phase1_*.py,Phase 1
P1-G06,1,gate,"Ray resubmission preserves one logical run/candidate/trial history with append-only attempts, rejects stale fences, and never duplicates a terminal artifact or final-test evaluation.",unqualified,Durable primitives exist; complete isolated authority and trial/refit/evaluator integration and repeat production-sized migration/failure qualification.,apps/api/automl_api/models/workflows.py; services/workflow_state.py; services/reconciler.py; db/qualification_session.py; tests/test_phase1_*.py,Phase 1
P1-G07,1,gate,Scope refit is independently retryable and CAS-publishes one pipeline; scope creation/membership/sealing/cancellation is idempotent and releases no member before the exact barrier commits.,unqualified,Durable primitives exist; complete isolated authority and trial/refit/evaluator integration and repeat production-sized migration/failure qualification.,apps/api/automl_api/models/workflows.py; services/workflow_state.py; services/reconciler.py; db/qualification_session.py; tests/test_phase1_*.py,Phase 1
P1-G08,1,gate,"Scoped launches remain `barrier_pending` with no outbox or clock until the exact membership transaction seals them, and the central final authority permits one canonical provider/scope to open and commit each locked split.",unqualified,Durable primitives exist; complete isolated authority and trial/refit/evaluator integration and repeat production-sized migration/failure qualification.,apps/api/automl_api/models/workflows.py; services/workflow_state.py; services/reconciler.py; db/qualification_session.py; tests/test_phase1_*.py,Phase 1
P2-W01,2,work,Implement all five object-store drivers and one shared contract suite.,open,"Ingestion implementation and local smoke evidence exist; native semantics, exact 15x10 GiB load, signed RSS bound and independent immutable evidence remain open.",apps/api/automl_api/storage/; services/uploads.py; services/upload_policy.py; apps/ui/react_app/src/resumableUpload.ts; evidence/phase-2/,Phase 2
P2-W02,2,work,Replace private MinIO SDK calls with supported SDK operations.,open,"Ingestion implementation and local smoke evidence exist; native semantics, exact 15x10 GiB load, signed RSS bound and independent immutable evidence remain open.",apps/api/automl_api/storage/; services/uploads.py; services/upload_policy.py; apps/ui/react_app/src/resumableUpload.ts; evidence/phase-2/,Phase 2
P2-W03,2,work,Remove fixed SeaweedFS proxying from production UI configuration.,open,"Ingestion implementation and local smoke evidence exist; native semantics, exact 15x10 GiB load, signed RSS bound and independent immutable evidence remain open.",apps/api/automl_api/storage/; services/uploads.py; services/upload_policy.py; apps/ui/react_app/src/resumableUpload.ts; evidence/phase-2/,Phase 2
P2-W04,2,work,"Implement provider-native upload instructions, exact-origin CORS, checksum headers, and log/query redaction.",open,"Ingestion implementation and local smoke evidence exist; native semantics, exact 15x10 GiB load, signed RSS bound and independent immutable evidence remain open.",apps/api/automl_api/storage/; services/uploads.py; services/upload_policy.py; apps/ui/react_app/src/resumableUpload.ts; evidence/phase-2/,Phase 2
P2-W05,2,work,"Move primary dataset, validation, drift, and offline-scoring uploads to the same resumable browser client.",open,"Ingestion implementation and local smoke evidence exist; native semantics, exact 15x10 GiB load, signed RSS bound and independent immutable evidence remain open.",apps/api/automl_api/storage/; services/uploads.py; services/upload_policy.py; apps/ui/react_app/src/resumableUpload.ts; evidence/phase-2/,Phase 2
P2-W06,2,work,"Add browser pause, cancel, resume after reload, progress, transfer rate, retry, and session-expiry UX.",open,"Ingestion implementation and local smoke evidence exist; native semantics, exact 15x10 GiB load, signed RSS bound and independent immutable evidence remain open.",apps/api/automl_api/storage/; services/uploads.py; services/upload_policy.py; apps/ui/react_app/src/resumableUpload.ts; evidence/phase-2/,Phase 2
P2-W07,2,work,"Compute incremental SHA-256 in a Web Worker, persist resumable hash/session state in IndexedDB, capture provider receipts and response headers, and expose required CORS headers. A filename/size/mtime fingerprint is not an integrity identity.",open,"Ingestion implementation and local smoke evidence exist; native semantics, exact 15x10 GiB load, signed RSS bound and independent immutable evidence remain open.",apps/api/automl_api/storage/; services/uploads.py; services/upload_policy.py; apps/ui/react_app/src/resumableUpload.ts; evidence/phase-2/,Phase 2
P2-W08,2,work,Reconcile abandoned uploads on a schedule and configure provider lifecycle rules only when the driver capability reports support. The application reconciler remains mandatory even when provider lifecycle exists.,open,"Ingestion implementation and local smoke evidence exist; native semantics, exact 15x10 GiB load, signed RSS bound and independent immutable evidence remain open.",apps/api/automl_api/storage/; services/uploads.py; services/upload_policy.py; apps/ui/react_app/src/resumableUpload.ts; evidence/phase-2/,Phase 2
P2-W09,2,work,Verify client SHA-256 while preparing the object. Quarantine mismatches and delete them after the configured retention period.,open,"Ingestion implementation and local smoke evidence exist; native semantics, exact 15x10 GiB load, signed RSS bound and independent immutable evidence remain open.",apps/api/automl_api/storage/; services/uploads.py; services/upload_policy.py; apps/ui/react_app/src/resumableUpload.ts; evidence/phase-2/,Phase 2
P2-W10,2,work,"Classify dataset sensitivity and region before issuing upload instructions. Apply tenant retention, legal hold, deletion, and residency policy to raw and prepared object prefixes.",open,"Ingestion implementation and local smoke evidence exist; native semantics, exact 15x10 GiB load, signed RSS bound and independent immutable evidence remain open.",apps/api/automl_api/storage/; services/uploads.py; services/upload_policy.py; apps/ui/react_app/src/resumableUpload.ts; evidence/phase-2/,Phase 2
P2-W11,2,work,"Validate extension/content type, decompression ratios, row width, encoding, project storage quota, and maximum object size. Provide a malware/content policy with a sandboxed scanner interface, allow/deny outcomes, quarantine, scanner timeout/failure behavior, signature/version evidence, and release gate. A no-op hook is not a production control.",open,"Ingestion implementation and local smoke evidence exist; native semantics, exact 15x10 GiB load, signed RSS bound and independent immutable evidence remain open.",apps/api/automl_api/storage/; services/uploads.py; services/upload_policy.py; apps/ui/react_app/src/resumableUpload.ts; evidence/phase-2/,Phase 2
P2-W12,2,work,Disable API-buffered multipart upload above 100 MiB in staging and production.,open,"Ingestion implementation and local smoke evidence exist; native semantics, exact 15x10 GiB load, signed RSS bound and independent immutable evidence remain open.",apps/api/automl_api/storage/; services/uploads.py; services/upload_policy.py; apps/ui/react_app/src/resumableUpload.ts; evidence/phase-2/,Phase 2
P2-W13,2,work,"Make upload instruction, complete, abort, and cleanup operations idempotent.",open,"Ingestion implementation and local smoke evidence exist; native semantics, exact 15x10 GiB load, signed RSS bound and independent immutable evidence remain open.",apps/api/automl_api/storage/; services/uploads.py; services/upload_policy.py; apps/ui/react_app/src/resumableUpload.ts; evidence/phase-2/,Phase 2
P2-W14,2,work,"Make signed URLs/session URIs grant or enforce the minimum object, method, transfer unit/offset, size, checksum, and expiry scope supported by each provider; document controls the provider protocol cannot encode.",open,"Ingestion implementation and local smoke evidence exist; native semantics, exact 15x10 GiB load, signed RSS bound and independent immutable evidence remain open.",apps/api/automl_api/storage/; services/uploads.py; services/upload_policy.py; apps/ui/react_app/src/resumableUpload.ts; evidence/phase-2/,Phase 2
P2-W15,2,work,"start, issue transfer instruction, retry a transfer unit, query progress, resume, complete, stat, stream, abort, and delete;",open,"Ingestion implementation and local smoke evidence exist; native semantics, exact 15x10 GiB load, signed RSS bound and independent immutable evidence remain open.",apps/api/automl_api/storage/; services/uploads.py; services/upload_policy.py; apps/ui/react_app/src/resumableUpload.ts; evidence/phase-2/,Phase 2
P2-W16,2,work,"expired instruction/session, throttling, wrong byte range or unit size, missing receipt, duplicate completion, checksum mismatch, and unauthorized object/key;",open,"Ingestion implementation and local smoke evidence exist; native semantics, exact 15x10 GiB load, signed RSS bound and independent immutable evidence remain open.",apps/api/automl_api/storage/; services/uploads.py; services/upload_policy.py; apps/ui/react_app/src/resumableUpload.ts; evidence/phase-2/,Phase 2
P2-W17,2,work,"interrupted browser, API restart, UI restart, database failover, and cleanup; and",open,"Ingestion implementation and local smoke evidence exist; native semantics, exact 15x10 GiB load, signed RSS bound and independent immutable evidence remain open.",apps/api/automl_api/storage/; services/uploads.py; services/upload_policy.py; apps/ui/react_app/src/resumableUpload.ts; evidence/phase-2/,Phase 2
P2-W18,2,work,"redaction of query strings, signatures, credentials, and provider tags.",open,"Ingestion implementation and local smoke evidence exist; native semantics, exact 15x10 GiB load, signed RSS bound and independent immutable evidence remain open.",apps/api/automl_api/storage/; services/uploads.py; services/upload_policy.py; apps/ui/react_app/src/resumableUpload.ts; evidence/phase-2/,Phase 2
P2-G01,2,gate,"The contract/failure suite passes on the local S3-compatible reference environment. Isolated developer accounts prove native S3, GCS, and Azure API semantics without claiming scale qualification.",unqualified,Historical failed gate: local suite only; native AWS/GCS/Azure campaigns absent.,apps/api/automl_api/storage/; services/uploads.py; services/upload_policy.py; apps/ui/react_app/src/resumableUpload.ts; evidence/phase-2/,Phase 2
P2-G02,2,gate,"The load harness drives 15 concurrent exactly-10-GiB objects on the designated reference environment. Peak API and UI RSS stays at or below the signed Phase 0A `control_plane_rss_bound_bytes`, and measured payload bytes proxied through either service equal zero.",unqualified,Historical preflight failed capacity and missing signed RSS bound; exact load not started.,apps/api/automl_api/storage/; services/uploads.py; services/upload_policy.py; apps/ui/react_app/src/resumableUpload.ts; evidence/phase-2/,Phase 2
P2-G03,2,gate,The load harness labels these objects as systems fixtures. Comparable ML experiments reference the approved immutable benchmark dataset rather than treating 15 transport copies as 15 independent statistical datasets.,unqualified,Exact systems-load campaign absent; smoke labels do not close this gate.,apps/api/automl_api/storage/; services/uploads.py; services/upload_policy.py; apps/ui/react_app/src/resumableUpload.ts; evidence/phase-2/,Phase 2
P2-G04,2,gate,"Browser/API restart, pod eviction, network loss, expired instruction, throttling, and database failover do not restart already confirmed bytes.",unqualified,"Ingestion implementation and local smoke evidence exist; native semantics, exact 15x10 GiB load, signed RSS bound and independent immutable evidence remain open.",apps/api/automl_api/storage/; services/uploads.py; services/upload_policy.py; apps/ui/react_app/src/resumableUpload.ts; evidence/phase-2/,Phase 2
P2-G05,2,gate,Corrupted transfer units or final objects are rejected.,unqualified,"Ingestion implementation and local smoke evidence exist; native semantics, exact 15x10 GiB load, signed RSS bound and independent immutable evidence remain open.",apps/api/automl_api/storage/; services/uploads.py; services/upload_policy.py; apps/ui/react_app/src/resumableUpload.ts; evidence/phase-2/,Phase 2
P2-G06,2,gate,Cleanup finds zero abandoned uploads and zero unreferenced completed objects after its grace period.,unqualified,"Ingestion implementation and local smoke evidence exist; native semantics, exact 15x10 GiB load, signed RSS bound and independent immutable evidence remain open.",apps/api/automl_api/storage/; services/uploads.py; services/upload_policy.py; apps/ui/react_app/src/resumableUpload.ts; evidence/phase-2/,Phase 2
P2-G07,2,gate,Phases 10–12 repeat the full gate on their real provider and freeze provider evidence; Phase 13 repeats it with the immutable release candidate.,future_dependency,Explicit repeat in phases 10–13; cannot close within phase 0–9 assessment.,apps/api/automl_api/storage/; services/uploads.py; services/upload_policy.py; apps/ui/react_app/src/resumableUpload.ts; evidence/phase-2/,Phase 2
P3-W01,3,work,Make durable Ray-job profiling and preparation mandatory in staging and production after the explicit product action selected in Phase 0.,open,"Distributed preparation baseline exists; complete effective role IAM, fold/group/time safety and feature execution, then prove deterministic bounded scale/recovery.",apps/api/automl_api/preparation_worker.py; services/ray_polars_profiling.py; packages/automl_shared/feature_recipe.py; tests/test_phase3_preparation.py,Phase 3
P3-W02,3,work,"Add retry count, heartbeat expiry, checkpoint, dead-letter state, operator replay, and continuous reconciliation.",open,"Distributed preparation baseline exists; complete effective role IAM, fold/group/time safety and feature execution, then prove deterministic bounded scale/recovery.",apps/api/automl_api/preparation_worker.py; services/ray_polars_profiling.py; packages/automl_shared/feature_recipe.py; tests/test_phase3_preparation.py,Phase 3
P3-W03,3,work,"Submit a short-lived, privileged `dataset_splitter_attempt` as its own fenced KubeRay `RayJob` with an embedded ephemeral `RayCluster`. Its stage-scoped identity verifies the raw-object digest, computes stable row identities and the approved split, writes role-isolated train, validation, final-input, and final-label objects, then permanently loses raw access. It performs no learned feature selection and emits no final-role distribution, label statistic, row preview, or value-derived metadata beyond preregistered counts and opaque digests.",open,"Distributed preparation baseline exists; complete effective role IAM, fold/group/time safety and feature execution, then prove deterministic bounded scale/recovery.",apps/api/automl_api/preparation_worker.py; services/ray_polars_profiling.py; packages/automl_shared/feature_recipe.py; tests/test_phase3_preparation.py,Phase 3
P3-W04,3,work,"The only no-raw splitter exception is a release-qualification `validation_only` import signed by `ReleaseFinalTestAuthority`. Verify its distribution-manifest signature, logical/train/validation digests, and absent raw/final capabilities before registration. It can feed preparation and validation-only training but cannot create a promotional scope. No ordinary tenant dataset or unsigned provider import may use this path.",open,"Distributed preparation baseline exists; complete effective role IAM, fold/group/time safety and feature execution, then prove deterministic bounded scale/recovery.",apps/api/automl_api/preparation_worker.py; services/ray_polars_profiling.py; packages/automl_shared/feature_recipe.py; tests/test_phase3_preparation.py,Phase 3
P3-W05,3,work,"In that privileged stage, keep positional row IDs but group exact content fingerprints into one split role unless a declared repeatable-event key and group/time rule justifies them. Reject an impossible split and record opaque overlap counts rather than letting duplicate records cross roles.",open,"Distributed preparation baseline exists; complete effective role IAM, fold/group/time safety and feature execution, then prove deterministic bounded scale/recovery.",apps/api/automl_api/preparation_worker.py; services/ray_polars_profiling.py; packages/automl_shared/feature_recipe.py; tests/test_phase3_preparation.py,Phase 3
P3-W06,3,work,"Submit each later preparation/profile attempt as a separate fenced KubeRay `RayJob` with an embedded ephemeral `RayCluster` and a preparation-only identity that can read train/validation artifacts but cannot read the raw or either final-test prefix. Apply the same retry, autoscaling, remote-checkpoint, terminal-reconciliation, and deletion contract as training. Persist both attempt types and their `RayJob`/`RayCluster` identities.",open,"Distributed preparation baseline exists; complete effective role IAM, fold/group/time safety and feature execution, then prove deterministic bounded scale/recovery.",apps/api/automl_api/preparation_worker.py; services/ray_polars_profiling.py; packages/automl_shared/feature_recipe.py; tests/test_phase3_preparation.py,Phase 3
P3-W07,3,work,"Delete or replace every current Dask service, configuration field, dependency, CI check, Helm value/schema/resource, network policy, test, script, benchmark, and documentation path. Production and evaluation profiles must import and exercise the Ray/Polars implementation only.",open,"Distributed preparation baseline exists; complete effective role IAM, fold/group/time safety and feature execution, then prove deterministic bounded scale/recovery.",apps/api/automl_api/preparation_worker.py; services/ray_polars_profiling.py; packages/automl_shared/feature_recipe.py; tests/test_phase3_preparation.py,Phase 3
P3-W08,3,work,"Read CSV, JSONL/NDJSON, and Parquet with Ray Data. Transform bounded Arrow batches with Polars. Reject 10 GiB Excel files with deterministic `422 large_excel_requires_conversion`, the accepted formats, and a remediation reference.",open,"Distributed preparation baseline exists; complete effective role IAM, fold/group/time safety and feature execution, then prove deterministic bounded scale/recovery.",apps/api/automl_api/preparation_worker.py; services/ray_polars_profiling.py; packages/automl_shared/feature_recipe.py; tests/test_phase3_preparation.py,Phase 3
P3-W09,3,work,"Derive stable row IDs independently of Ray block order. Materialize canonical partitioned Parquet plus deterministic task-specific train, validation, locked-test, and sample artifacts.",open,"Distributed preparation baseline exists; complete effective role IAM, fold/group/time safety and feature execution, then prove deterministic bounded scale/recovery.",apps/api/automl_api/preparation_worker.py; services/ray_polars_profiling.py; packages/automl_shared/feature_recipe.py; tests/test_phase3_preparation.py,Phase 3
P3-W10,3,work,"Compute SHA-256, row count, schema, stateless structural checks, and resource estimates in one distributed pass where practical. Only schema/role/formula safety and row-identity integrity may inspect all role manifests. Fit every value-dependent threshold, count, statistic, transform, or leakage heuristic on the outer training role and refit it within each inner training fold.",open,"Distributed preparation baseline exists; complete effective role IAM, fold/group/time safety and feature execution, then prove deterministic bounded scale/recovery.",apps/api/automl_api/preparation_worker.py; services/ray_polars_profiling.py; packages/automl_shared/feature_recipe.py; tests/test_phase3_preparation.py,Phase 3
P3-W11,3,work,"Generate only feature families allowed by the versioned feature contract. Enforce expression-depth, output-count, cardinality, memory, runtime, and materialization budgets before expensive computation.",open,"Distributed preparation baseline exists; complete effective role IAM, fold/group/time safety and feature execution, then prove deterministic bounded scale/recovery.",apps/api/automl_api/preparation_worker.py; services/ray_polars_profiling.py; packages/automl_shared/feature_recipe.py; tests/test_phase3_preparation.py,Phase 3
P3-W12,3,work,"Apply hard formula, availability, post-outcome, and identifier rules before model search. Learn constant/quasi-constant, duplicate, missingness, cardinality, frequency, aggregate, correlation, redundancy, encoding, imputation, scaling, decomposition, and supervised-selection state only from outer-train/inner-fold-train rows. Record the fitted-scope digest and reason for every accepted or rejected definition. Never inspect validation values or final-test inputs/labels while generating or filtering candidate features.",open,"Distributed preparation baseline exists; complete effective role IAM, fold/group/time safety and feature execution, then prove deterministic bounded scale/recovery.",apps/api/automl_api/preparation_worker.py; services/ray_polars_profiling.py; packages/automl_shared/feature_recipe.py; tests/test_phase3_preparation.py,Phase 3
P3-W13,3,work,"Persist one immutable base dataset, justified reusable safe-feature artifacts, and metadata-only feature views. Prohibit one full physical dataset per trial.",open,"Distributed preparation baseline exists; complete effective role IAM, fold/group/time safety and feature execution, then prove deterministic bounded scale/recovery.",apps/api/automl_api/preparation_worker.py; services/ray_polars_profiling.py; packages/automl_shared/feature_recipe.py; tests/test_phase3_preparation.py,Phase 3
P3-W14,3,work,"Store source SHA, logical dataset digest, split digests, image digest, dependency-lock digest, Ray/Polars/PyArrow versions, catalog revision, feature contract and registry revisions, random seeds, and physical artifact hashes.",open,"Distributed preparation baseline exists; complete effective role IAM, fold/group/time safety and feature execution, then prove deterministic bounded scale/recovery.",apps/api/automl_api/preparation_worker.py; services/ray_polars_profiling.py; packages/automl_shared/feature_recipe.py; tests/test_phase3_preparation.py,Phase 3
P3-W15,3,work,Implement the profiling behavior ratified in Phase 0. The provisional default is that upload completion registers the dataset and the UI explicitly asks the user to profile; changing that default requires a reviewed product decision.,open,"Distributed preparation baseline exists; complete effective role IAM, fold/group/time safety and feature execution, then prove deterministic bounded scale/recovery.",apps/api/automl_api/preparation_worker.py; services/ray_polars_profiling.py; packages/automl_shared/feature_recipe.py; tests/test_phase3_preparation.py,Phase 3
P3-W16,3,work,"Add preparation and feature-generation progress, retry status, rejection summary, dead-letter explanation, sampling preview, and feature-budget usage to UI and API.",open,"Distributed preparation baseline exists; complete effective role IAM, fold/group/time safety and feature execution, then prove deterministic bounded scale/recovery.",apps/api/automl_api/preparation_worker.py; services/ray_polars_profiling.py; packages/automl_shared/feature_recipe.py; tests/test_phase3_preparation.py,Phase 3
P3-W17,3,work,Enforce project-specific object prefixes and database queries at every stage.,open,"Distributed preparation baseline exists; complete effective role IAM, fold/group/time safety and feature execution, then prove deterministic bounded scale/recovery.",apps/api/automl_api/preparation_worker.py; services/ray_polars_profiling.py; packages/automl_shared/feature_recipe.py; tests/test_phase3_preparation.py,Phase 3
P3-W18,3,work,"Design Parquet partition and row-group sizes from measured object throughput and worker memory, then pin the qualified defaults.",open,"Distributed preparation baseline exists; complete effective role IAM, fold/group/time safety and feature execution, then prove deterministic bounded scale/recovery.",apps/api/automl_api/preparation_worker.py; services/ray_polars_profiling.py; packages/automl_shared/feature_recipe.py; tests/test_phase3_preparation.py,Phase 3
P3-W19,3,work,"Partition group, lag, and rolling computations by entity and time. Specify ordering, boundary halos, shuffle, and deterministic merge behavior before enabling each family.",missing,Preparation explicitly disables lag/rolling/window feature families; distributed boundary/halo qualification absent.,apps/api/automl_api/preparation_worker.py; services/ray_polars_profiling.py; packages/automl_shared/feature_recipe.py; tests/test_phase3_preparation.py,Phase 3
P3-W20,3,work,"Qualify source-availability, immutable as-of snapshot, decision cutoff, label-horizon, window-boundary/tie, known-future, and late-arrival/backfill behavior with positive and negative point-in-time fixtures.",open,"Distributed preparation baseline exists; complete effective role IAM, fold/group/time safety and feature execution, then prove deterministic bounded scale/recovery.",apps/api/automl_api/preparation_worker.py; services/ray_polars_profiling.py; packages/automl_shared/feature_recipe.py; tests/test_phase3_preparation.py,Phase 3
P3-W21,3,work,"Enforce outer-role group and temporal isolation in the privileged splitter. Reject group overlap, role-order inversion, and any label horizon, lookback, purge, or embargo crossing before registering a split artifact.",partial,Chronological split exists; splitter accepts no group/purge/embargo/label-horizon contract.,apps/api/automl_api/preparation_worker.py; services/ray_polars_profiling.py; packages/automl_shared/feature_recipe.py; tests/test_phase3_preparation.py,Phase 3
P3-W22,3,work,"Add automated tests that fail if a production 10 GiB path calls full pandas conversion, driver collection, or an equivalent full materialization.",open,"Distributed preparation baseline exists; complete effective role IAM, fold/group/time safety and feature execution, then prove deterministic bounded scale/recovery.",apps/api/automl_api/preparation_worker.py; services/ray_polars_profiling.py; packages/automl_shared/feature_recipe.py; tests/test_phase3_preparation.py,Phase 3
P3-W23,3,work,Classification samples preserve target proportions within a reviewed bound and retain every supported class.,open,"Distributed preparation baseline exists; complete effective role IAM, fold/group/time safety and feature execution, then prove deterministic bounded scale/recovery.",apps/api/automl_api/preparation_worker.py; services/ray_polars_profiling.py; packages/automl_shared/feature_recipe.py; tests/test_phase3_preparation.py,Phase 3
P3-W24,3,work,Regression quantile strata cover the target range and preserve tail examples.,open,"Distributed preparation baseline exists; complete effective role IAM, fold/group/time safety and feature execution, then prove deterministic bounded scale/recovery.",apps/api/automl_api/preparation_worker.py; services/ray_polars_profiling.py; packages/automl_shared/feature_recipe.py; tests/test_phase3_preparation.py,Phase 3
P3-W25,3,work,Clustering samples are deterministic and preserve rare categorical values.,open,"Distributed preparation baseline exists; complete effective role IAM, fold/group/time safety and feature execution, then prove deterministic bounded scale/recovery.",apps/api/automl_api/preparation_worker.py; services/ray_polars_profiling.py; packages/automl_shared/feature_recipe.py; tests/test_phase3_preparation.py,Phase 3
P3-W26,3,work,"Time-series windows are ordered, leakage-safe, and preserve configured seasonal periods.",open,"Distributed preparation baseline exists; complete effective role IAM, fold/group/time safety and feature execution, then prove deterministic bounded scale/recovery.",apps/api/automl_api/preparation_worker.py; services/ray_polars_profiling.py; packages/automl_shared/feature_recipe.py; tests/test_phase3_preparation.py,Phase 3
P3-W27,3,work,"Within one sample tier and leaderboard league, every comparable estimator and feature trial receives identical training, validation, final-test, and sample row digests. The signed comparison policy gives the full/highest approved tier champion precedence and forbids cross-league promotion unless uncertainty and eligibility rules were preregistered.",open,"Distributed preparation baseline exists; complete effective role IAM, fold/group/time safety and feature execution, then prove deterministic bounded scale/recovery.",apps/api/automl_api/preparation_worker.py; services/ray_polars_profiling.py; packages/automl_shared/feature_recipe.py; tests/test_phase3_preparation.py,Phase 3
P3-W28,3,work,"Observed features are published, available, and effective by the decision cutoff. Declared known-future covariates are published/available by cutoff and effective no later than the forecast horizon; no target-derived future value qualifies. Label-horizon and as-of rules hold for every row, and a late backfill creates a new source snapshot rather than changing old output.",open,"Distributed preparation baseline exists; complete effective role IAM, fold/group/time safety and feature execution, then prove deterministic bounded scale/recovery.",apps/api/automl_api/preparation_worker.py; services/ray_polars_profiling.py; packages/automl_shared/feature_recipe.py; tests/test_phase3_preparation.py,Phase 3
P3-W29,3,work,Supervised transforms fit within each training fold and cannot access validation or final-test labels.,open,"Distributed preparation baseline exists; complete effective role IAM, fold/group/time safety and feature execution, then prove deterministic bounded scale/recovery.",apps/api/automl_api/preparation_worker.py; services/ray_polars_profiling.py; packages/automl_shared/feature_recipe.py; tests/test_phase3_preparation.py,Phase 3
P3-W30,3,work,Outer train/validation/final group sets are disjoint whenever the contract requires group isolation. Temporal and panel roles have ordered cutoff ranges and satisfy the exact signed purge/embargo and horizon/window inequalities; the splitter records opaque set/boundary evidence before downstream access.,open,"Distributed preparation baseline exists; complete effective role IAM, fold/group/time safety and feature execution, then prove deterministic bounded scale/recovery.",apps/api/automl_api/preparation_worker.py; services/ray_polars_profiling.py; packages/automl_shared/feature_recipe.py; tests/test_phase3_preparation.py,Phase 3
P3-W31,3,work,"Dataset, row, split, and sample identities follow their frozen seed policy across worker counts and providers. Recipe hashes are identical only for an identical complete experiment spec, search events, and seed. Floating aggregate outputs either remain exact or pass the separately recorded tolerance policy; do not describe a tolerance comparison as hash equality.",open,"Distributed preparation baseline exists; complete effective role IAM, fold/group/time safety and feature execution, then prove deterministic bounded scale/recovery.",apps/api/automl_api/preparation_worker.py; services/ray_polars_profiling.py; packages/automl_shared/feature_recipe.py; tests/test_phase3_preparation.py,Phase 3
P3-G01,3,gate,The systems-load corpus supports 15 concurrent 10 GiB preparations without API pressure or duplicate ownership. This result is not used as model-quality evidence.,unqualified,"Distributed preparation baseline exists; complete effective role IAM, fold/group/time safety and feature execution, then prove deterministic bounded scale/recovery.",apps/api/automl_api/preparation_worker.py; services/ray_polars_profiling.py; packages/automl_shared/feature_recipe.py; tests/test_phase3_preparation.py,Phase 3
P3-G02,3,gate,Comparable ML experiments reuse one immutable benchmark dataset version and create no per-trial full copies.,unqualified,"Distributed preparation baseline exists; complete effective role IAM, fold/group/time safety and feature execution, then prove deterministic bounded scale/recovery.",apps/api/automl_api/preparation_worker.py; services/ray_polars_profiling.py; packages/automl_shared/feature_recipe.py; tests/test_phase3_preparation.py,Phase 3
P3-G03,3,gate,"Worker, driver, Ray head, node, and complete ephemeral-RayCluster loss resume through a new fenced attempt from the last valid remote stage.",unqualified,"Distributed preparation baseline exists; complete effective role IAM, fold/group/time safety and feature execution, then prove deterministic bounded scale/recovery.",apps/api/automl_api/preparation_worker.py; services/ray_polars_profiling.py; packages/automl_shared/feature_recipe.py; tests/test_phase3_preparation.py,Phase 3
P3-G04,3,gate,Prepared manifests are deterministic for the same input and release.,unqualified,"Distributed preparation baseline exists; complete effective role IAM, fold/group/time safety and feature execution, then prove deterministic bounded scale/recovery.",apps/api/automl_api/preparation_worker.py; services/ray_polars_profiling.py; packages/automl_shared/feature_recipe.py; tests/test_phase3_preparation.py,Phase 3
P3-G05,3,gate,All statistical invariants pass.,unqualified,"Distributed preparation baseline exists; complete effective role IAM, fold/group/time safety and feature execution, then prove deterministic bounded scale/recovery.",apps/api/automl_api/preparation_worker.py; services/ray_polars_profiling.py; packages/automl_shared/feature_recipe.py; tests/test_phase3_preparation.py,Phase 3
P3-G06,3,gate,"Distributed global/group/window features prove fold-scoped reduce/shuffle state, `output_row_ids == input_row_ids`, zero duplicates/drops, deterministic halo trimming, and the frozen Arrow/Polars dtype/null/NaN/infinity/overflow/ timezone semantics.",unqualified,"Distributed preparation baseline exists; complete effective role IAM, fold/group/time safety and feature execution, then prove deterministic bounded scale/recovery.",apps/api/automl_api/preparation_worker.py; services/ray_polars_profiling.py; packages/automl_shared/feature_recipe.py; tests/test_phase3_preparation.py,Phase 3
P3-G07,3,gate,Split evidence reports zero unauthorized exact-content fingerprint overlap across roles while preserving unique positional row identities.,unqualified,"Distributed preparation baseline exists; complete effective role IAM, fold/group/time safety and feature execution, then prove deterministic bounded scale/recovery.",apps/api/automl_api/preparation_worker.py; services/ray_polars_profiling.py; packages/automl_shared/feature_recipe.py; tests/test_phase3_preparation.py,Phase 3
P3-G08,3,gate,"Split evidence reports zero forbidden group overlap, zero temporal ordering inversion, and zero purge/embargo/horizon/window boundary violation under the task's outer-split contract.",unqualified,"Distributed preparation baseline exists; complete effective role IAM, fold/group/time safety and feature execution, then prove deterministic bounded scale/recovery.",apps/api/automl_api/preparation_worker.py; services/ray_polars_profiling.py; packages/automl_shared/feature_recipe.py; tests/test_phase3_preparation.py,Phase 3
P3-G09,3,gate,"Feature safety gates reject known leakage, post-outcome, duplicate, identifier, and cardinality-bomb fixtures. They continue with fewer safe features instead of lowering the gates.",unqualified,"Distributed preparation baseline exists; complete effective role IAM, fold/group/time safety and feature execution, then prove deterministic bounded scale/recovery.",apps/api/automl_api/preparation_worker.py; services/ray_polars_profiling.py; packages/automl_shared/feature_recipe.py; tests/test_phase3_preparation.py,Phase 3
P3-G10,3,gate,Peak driver memory remains within the Phase 0A bound and no full-data pandas or driver materialization occurs.,unqualified,"Distributed preparation baseline exists; complete effective role IAM, fold/group/time safety and feature execution, then prove deterministic bounded scale/recovery.",apps/api/automl_api/preparation_worker.py; services/ray_polars_profiling.py; packages/automl_shared/feature_recipe.py; tests/test_phase3_preparation.py,Phase 3
P3-G11,3,gate,"Runtime locks, imports, CI, rendered Helm output, tests, and benchmarks contain no Dask execution or fallback path.",observed_pass,Runtime Dask guard passes; audited chart/source use Ray/Polars. This is not a full release-image import qualification.,apps/api/automl_api/preparation_worker.py; services/ray_polars_profiling.py; packages/automl_shared/feature_recipe.py; tests/test_phase3_preparation.py,Phase 3
P3-G12,3,gate,"Metadata, temporary objects, samples, and artifacts remain project scoped.",unqualified,"Distributed preparation baseline exists; complete effective role IAM, fold/group/time safety and feature execution, then prove deterministic bounded scale/recovery.",apps/api/automl_api/preparation_worker.py; services/ray_polars_profiling.py; packages/automl_shared/feature_recipe.py; tests/test_phase3_preparation.py,Phase 3
P3-G13,3,gate,"A signed `validation_only` provider import exposes train/validation roles only, cannot resolve raw/final URIs, and is rejected from every promotional scope; a forged/altered manifest fails registration.",unqualified,"Distributed preparation baseline exists; complete effective role IAM, fold/group/time safety and feature execution, then prove deterministic bounded scale/recovery.",apps/api/automl_api/preparation_worker.py; services/ray_polars_profiling.py; packages/automl_shared/feature_recipe.py; tests/test_phase3_preparation.py,Phase 3
P3-G14,3,gate,"Negative IAM tests prove the splitter alone can read raw data, has write-only final-prefix capability, and loses its grant at terminal state; preparation and training can read only their role prefixes. After role materialization, only the centrally authorized dedicated evaluator can read final inputs or labels.",unqualified,"Distributed preparation baseline exists; complete effective role IAM, fold/group/time safety and feature execution, then prove deterministic bounded scale/recovery.",apps/api/automl_api/preparation_worker.py; services/ray_polars_profiling.py; packages/automl_shared/feature_recipe.py; tests/test_phase3_preparation.py,Phase 3
P4-W01,4,work,Generate and sign catalog revisions in CI.,open,Candidate execution exists; complete durable joint Tune/Train trial/replay/refit/evaluation and signed quality/capacity/fairness qualification.,apps/api/automl_api/training/pipeline.py; training/candidate_runtime.py; training/tune_runtime.py; services/run_admission.py; tests/test_candidate_*.py,Phase 4
P4-W02,4,work,Add reviewed recipes for concrete meta-estimators currently omitted.,open,Candidate execution exists; complete durable joint Tune/Train trial/replay/refit/evaluation and signed quality/capacity/fairness qualification.,apps/api/automl_api/training/pipeline.py; training/candidate_runtime.py; training/tune_runtime.py; services/run_admission.py; tests/test_candidate_*.py,Phase 4
P4-W03,4,work,Remove backend/UI 20-model constraints and add `catalog_mode=all`.,open,Candidate execution exists; complete durable joint Tune/Train trial/replay/refit/evaluation and signed quality/capacity/fairness qualification.,apps/api/automl_api/training/pipeline.py; training/candidate_runtime.py; training/tune_runtime.py; services/run_admission.py; tests/test_candidate_*.py,Phase 4
P4-W04,4,work,"Replace the current one-active-run-per-project guard with explicit user, project, environment, and resource-class admission policy. The approved qualification profile must support 15 concurrent runs referencing one benchmark in one project without creating one project per user to hide the limit.",open,Candidate execution exists; complete durable joint Tune/Train trial/replay/refit/evaluation and signed quality/capacity/fairness qualification.,apps/api/automl_api/training/pipeline.py; training/candidate_runtime.py; training/tune_runtime.py; services/run_admission.py; tests/test_candidate_*.py,Phase 4
P4-W05,4,work,Expand each run into durable candidate and model-plus-feature trial rows grouped by execution backend and resource class.,open,Candidate execution exists; complete durable joint Tune/Train trial/replay/refit/evaluation and signed quality/capacity/fairness qualification.,apps/api/automl_api/training/pipeline.py; training/candidate_runtime.py; training/tune_runtime.py; services/run_admission.py; tests/test_candidate_*.py,Phase 4
P4-W06,4,work,"Implement the PostgreSQL/outbox to fenced Ray reconciler, KubeRay submission, independent heartbeat, deadlines, remote checkpoints, dead-letter evidence, and orphan reconciliation.",open,Candidate execution exists; complete durable joint Tune/Train trial/replay/refit/evaluation and signed quality/capacity/fairness qualification.,apps/api/automl_api/training/pipeline.py; training/candidate_runtime.py; training/tune_runtime.py; services/run_admission.py; tests/test_candidate_*.py,Phase 4
P4-W07,4,work,"Implement a custom scikit-optimize adapter for Ray Tune's Searcher contract. Persist typed search spaces, suggestion-to-parameter/seed mappings, pending sets, concurrency batches, deterministic or buffered `tell` order, exactly-once result digests, failure/cancellation/partial-result treatment, save/restore state, and deterministic search seeds. A retry uses the same suggestion and seed.",open,Candidate execution exists; complete durable joint Tune/Train trial/replay/refit/evaluation and signed quality/capacity/fairness qualification.,apps/api/automl_api/training/pipeline.py; training/candidate_runtime.py; training/tune_runtime.py; services/run_admission.py; tests/test_candidate_*.py,Phase 4
P4-W08,4,work,"Freeze deterministic estimator/library kernels where supported, objective quantization precision, metric reduction order, and stable tie-breaking. For cross-provider qualification, generate and sign one canonical suggestion event log during the Phase 4 reference campaign and replay those exact feature/model suggestions on every provider; provider-specific floating-point completion must not alter later suggestions.",open,Candidate execution exists; complete durable joint Tune/Train trial/replay/refit/evaluation and signed quality/capacity/fairness qualification.,apps/api/automl_api/training/pipeline.py; training/candidate_runtime.py; training/tune_runtime.py; services/run_admission.py; tests/test_candidate_*.py,Phase 4
P4-W09,4,work,"Treat five iterations as the provisional qualification workload, not evidence that Bayesian search converged. Phase 0A must compare search quality against a larger offline reference and document the expected regret or limitation.",open,Candidate execution exists; complete durable joint Tune/Train trial/replay/refit/evaluation and signed quality/capacity/fairness qualification.,apps/api/automl_api/training/pipeline.py; training/candidate_runtime.py; training/tune_runtime.py; services/run_admission.py; tests/test_candidate_*.py,Phase 4
P4-W10,4,work,"Define whether early termination is allowed per recipe. A stopped trial cannot count toward the five-iteration, three-fold qualification contract unless the approved scenario explicitly permits and reports it.",open,Candidate execution exists; complete durable joint Tune/Train trial/replay/refit/evaluation and signed quality/capacity/fairness qualification.,apps/api/automl_api/training/pipeline.py; training/candidate_runtime.py; training/tune_runtime.py; services/run_admission.py; tests/test_candidate_*.py,Phase 4
P4-W11,4,work,Apply deterministic sampling policy before candidate workers start.,open,Candidate execution exists; complete durable joint Tune/Train trial/replay/refit/evaluation and signed quality/capacity/fairness qualification.,apps/api/automl_api/training/pipeline.py; training/candidate_runtime.py; training/tune_runtime.py; services/run_admission.py; tests/test_candidate_*.py,Phase 4
P4-W12,4,work,"Isolate artifacts by project, run, candidate, and attempt.",open,Candidate execution exists; complete durable joint Tune/Train trial/replay/refit/evaluation and signed quality/capacity/fairness qualification.,apps/api/automl_api/training/pipeline.py; training/candidate_runtime.py; training/tune_runtime.py; services/run_admission.py; tests/test_candidate_*.py,Phase 4
P4-W13,4,work,"Define one Tune trial as one joint feature-plus-model suggestion. A fixed estimator has one model configuration and, under QLT-006, five feature-only suggestion slots including raw plus distinct safe engineered choices; a safety-exhausted space runs all unique choices and records that terminal search condition; a tunable estimator has the approved number of joint suggestions. Evaluate every suggestion across the task-correct inner folds, then perform an additional champion refit when eligible.",open,Candidate execution exists; complete durable joint Tune/Train trial/replay/refit/evaluation and signed quality/capacity/fairness qualification.,apps/api/automl_api/training/pipeline.py; training/candidate_runtime.py; training/tune_runtime.py; services/run_admission.py; tests/test_candidate_*.py,Phase 4
P4-W14,4,work,"Run ordinary sklearn in one bounded trial worker. Run incremental estimators through one checkpointed state owner. Run only distributed-native catalog recipes through Ray Train with an explicit worker count, CPU/GPU topology, dataset-sharding policy, rendezvous behavior, and remote checkpoint contract.",open,Candidate execution exists; complete durable joint Tune/Train trial/replay/refit/evaluation and signed quality/capacity/fairness qualification.,apps/api/automl_api/training/pipeline.py; training/candidate_runtime.py; training/tune_runtime.py; services/run_admission.py; tests/test_candidate_*.py,Phase 4
P4-W15,4,work,"Derive every inner splitter from the immutable feature/experiment contract: group-aware or stratified-group folds when entities must not cross roles, purged/embargoed rolling folds for temporal tasks, task-correct ordinary or stratified folds only when no group/time restriction applies, and reviewed stability/internal metrics for clustering. Keep these inner folds distinct from the common outer validation holdout used for cross-candidate selection.",open,Candidate execution exists; complete durable joint Tune/Train trial/replay/refit/evaluation and signed quality/capacity/fairness qualification.,apps/api/automl_api/training/pipeline.py; training/candidate_runtime.py; training/tune_runtime.py; services/run_admission.py; tests/test_candidate_*.py,Phase 4
P4-W16,4,work,"Include the raw approved feature set as a trial. Promote an engineered recipe only when it meets the fixture's preregistered predictive non-inferiority or lift threshold, stability bound, and compute budget. Otherwise select the raw or smaller safe recipe and record why.",open,Candidate execution exists; complete durable joint Tune/Train trial/replay/refit/evaluation and signed quality/capacity/fairness qualification.,apps/api/automl_api/training/pipeline.py; training/candidate_runtime.py; training/tune_runtime.py; services/run_admission.py; tests/test_candidate_*.py,Phase 4
P4-W17,4,work,"Aggregate each run's validation evidence only after every candidate is terminal. After every run in the sealed `evaluation_scope` is terminal, select one global champion under the preregistered league/metric rule. Submit one separately fenced `champion_refit_attempt` RayJob using the catalog backend and refit-only identity; CAS-freeze its pipeline on the exact approved train/validation tier. Only after refit succeeds, submit the fenced champion-evaluation RayJob with evaluator-only credentials. Commit its result once by scope compare-and-set and immediately revoke access.",partial,Scope/state primitives exist; production dedicated refit/evaluation execution not connected.,apps/api/automl_api/training/pipeline.py; training/candidate_runtime.py; training/tune_runtime.py; services/run_admission.py; tests/test_candidate_*.py,Phase 4
P4-W18,4,work,"Implement cancellation: stop new submissions, terminate active Ray jobs, preserve completed candidates, and consistently mark interrupted candidates.",open,Candidate execution exists; complete durable joint Tune/Train trial/replay/refit/evaluation and signed quality/capacity/fairness qualification.,apps/api/automl_api/training/pipeline.py; training/candidate_runtime.py; training/tune_runtime.py; services/run_admission.py; tests/test_candidate_*.py,Phase 4
P4-W19,4,work,Implement capacity preflight and expose quota/node-pool blockers before launch.,open,Candidate execution exists; complete durable joint Tune/Train trial/replay/refit/evaluation and signed quality/capacity/fairness qualification.,apps/api/automl_api/training/pipeline.py; training/candidate_runtime.py; training/tune_runtime.py; services/run_admission.py; tests/test_candidate_*.py,Phase 4
P4-W20,4,work,"Reconcile the database admission token with current Ray demand, Kubernetes schedulability, placement groups, node-pool and GPU availability, provider quota, and scale-up limits immediately before submission.",open,Candidate execution exists; complete durable joint Tune/Train trial/replay/refit/evaluation and signed quality/capacity/fairness qualification.,apps/api/automl_api/training/pipeline.py; training/candidate_runtime.py; training/tune_runtime.py; services/run_admission.py; tests/test_candidate_*.py,Phase 4
P4-W21,4,work,Set qualified production concurrency to at least 15.,unqualified,15 is a configured admission constant; no current qualified 15-run campaign.,apps/api/automl_api/training/pipeline.py; training/candidate_runtime.py; training/tune_runtime.py; services/run_admission.py; tests/test_candidate_*.py,Phase 4
P4-W22,4,work,"Enforce weighted fair admission and project/resource-class quotas across per-run `RayJob` resources. Prove that one run cannot consume every worker node, GPU, ephemeral-storage allocation, or provider quota and cannot access another run's object store or spill.",open,Candidate execution exists; complete durable joint Tune/Train trial/replay/refit/evaluation and signed quality/capacity/fairness qualification.,apps/api/automl_api/training/pipeline.py; training/candidate_runtime.py; training/tune_runtime.py; services/run_admission.py; tests/test_candidate_*.py,Phase 4
P4-W23,4,work,"Benchmark every candidate on normalized reference resource classes, then version the measurements and capacity-model schema used by provider calibration.",open,Candidate execution exists; complete durable joint Tune/Train trial/replay/refit/evaluation and signed quality/capacity/fairness qualification.,apps/api/automl_api/training/pipeline.py; training/candidate_runtime.py; training/tune_runtime.py; services/run_admission.py; tests/test_candidate_*.py,Phase 4
P4-W24,4,work,"Freeze a signed catalog workload ledger with exact candidates, feature/model configurations, folds, refits, fit-attempt ceiling, artifact retention, and logical object-read estimates. Provider phases calibrate this ledger and reapprove their exact campaign cost before Phase 13.",open,Candidate execution exists; complete durable joint Tune/Train trial/replay/refit/evaluation and signed quality/capacity/fairness qualification.,apps/api/automl_api/training/pipeline.py; training/candidate_runtime.py; training/tune_runtime.py; services/run_admission.py; tests/test_candidate_*.py,Phase 4
P4-W25,4,work,"Freeze a signed provider-stage conformance matrix with at least one ordinary sklearn, incremental, and each distributed-native backend recipe. It binds a non-promotional config, train/validation tier, synthetic holdout, bundle parity corpus, exact-or-tolerant prediction/metric policy, and RayJob template for refit and evaluation. Every managed provider must execute it without release-final access.",open,Candidate execution exists; complete durable joint Tune/Train trial/replay/refit/evaluation and signed quality/capacity/fairness qualification.,apps/api/automl_api/training/pipeline.py; training/candidate_runtime.py; training/tune_runtime.py; services/run_admission.py; tests/test_candidate_*.py,Phase 4
P4-W26,4,work,"Prevent stale profiles from authorizing production launches after a runtime, catalog, node type, or provider change. The evidence must distinguish planned, budgeted, and observed fit workload. It must not multiply a joint feature-plus-model suggestion by a second feature-grid factor: ```text planned_logical_fits = Σtrial(inner_folds[trial]) + planned_refit_fits maximum_budgeted_fits = Σtrial(max_attempts[trial] × inner_folds[trial]) + max_champion_refit_attempts actual_started_fits = count(fold_fit_started events) + started_refits actual_completed_fits = count(fold_fit_completed events) + completed_refits ``` Report partial failed-fit runtime, retries, refits, pre-open evaluator attempts, the one post-open evaluation, and evidence-finalization time as separate planned/budgeted/observed fields; never label a retry ceiling as physical work done. It must distinguish HTTP timeout, run-planning SLO, node scale-up SLO, candidate deadline, and whole-run wall-clock SLO. A Kubernetes `activeDeadlineSeconds` value is a kill boundary, not performance evidence.",open,Candidate execution exists; complete durable joint Tune/Train trial/replay/refit/evaluation and signed quality/capacity/fairness qualification.,apps/api/automl_api/training/pipeline.py; training/candidate_runtime.py; training/tune_runtime.py; services/run_admission.py; tests/test_candidate_*.py,Phase 4
P4-G01,4,gate,Every applicable catalog estimator succeeds on the frozen principal or task-conformance ML fixture of recorded actual size using full data or disclosed sampling. The 10 GiB systems corpus is not ML-quality evidence.,unqualified,Candidate execution exists; complete durable joint Tune/Train trial/replay/refit/evaluation and signed quality/capacity/fairness qualification.,apps/api/automl_api/training/pipeline.py; training/candidate_runtime.py; training/tune_runtime.py; services/run_admission.py; tests/test_candidate_*.py,Phase 4
P4-G02,4,gate,"Automated feature engineering rejects unsafe fixtures, produces a versioned recipe, and meets the preregistered raw-baseline, stability, and compute threshold without lowering safety gates. If no generated feature qualifies, it selects the raw or smaller safe recipe and reports zero accepted additions.",unqualified,Candidate execution exists; complete durable joint Tune/Train trial/replay/refit/evaluation and signed quality/capacity/fairness qualification.,apps/api/automl_api/training/pipeline.py; training/candidate_runtime.py; training/tune_runtime.py; services/run_admission.py; tests/test_candidate_*.py,Phase 4
P4-G03,4,gate,Catalog diff tests detect dependency-driven changes.,unqualified,Candidate execution exists; complete durable joint Tune/Train trial/replay/refit/evaluation and signed quality/capacity/fairness qualification.,apps/api/automl_api/training/pipeline.py; training/candidate_runtime.py; training/tune_runtime.py; services/run_admission.py; tests/test_candidate_*.py,Phase 4
P4-G04,4,gate,"Catalog contract tests cover representation/dtype/target/missingness/minimum- sample preconditions; ordinary-sklearn trials enforce recursive `n_jobs=1`, frozen BLAS/OpenMP caps, and process recycling without residual RSS growth beyond the signed bound.",unqualified,Candidate execution exists; complete durable joint Tune/Train trial/replay/refit/evaluation and signed quality/capacity/fairness qualification.,apps/api/automl_api/training/pipeline.py; training/candidate_runtime.py; training/tune_runtime.py; services/run_admission.py; tests/test_candidate_*.py,Phase 4
P4-G05,4,gate,Fifteen all-catalog planners become active within two minutes.,unqualified,Candidate execution exists; complete durable joint Tune/Train trial/replay/refit/evaluation and signed quality/capacity/fairness qualification.,apps/api/automl_api/training/pipeline.py; training/candidate_runtime.py; training/tune_runtime.py; services/run_admission.py; tests/test_candidate_*.py,Phase 4
P4-G06,4,gate,Workers and nodes reach calculated capacity within ten minutes.,unqualified,Candidate execution exists; complete durable joint Tune/Train trial/replay/refit/evaluation and signed quality/capacity/fairness qualification.,apps/api/automl_api/training/pipeline.py; training/candidate_runtime.py; training/tune_runtime.py; services/run_admission.py; tests/test_candidate_*.py,Phase 4
P4-G07,4,gate,"Retry, eviction, OOM, deadline, unschedulable, image-pull, and GPU fallback failures populate a stable terminal-reason code, failing resource, last checkpoint, retry owner/count, remediation reference, and correlated event IDs; no required terminal field is empty.",unqualified,Candidate execution exists; complete durable joint Tune/Train trial/replay/refit/evaluation and signed quality/capacity/fairness qualification.,apps/api/automl_api/training/pipeline.py; training/candidate_runtime.py; training/tune_runtime.py; services/run_admission.py; tests/test_candidate_*.py,Phase 4
P4-G08,4,gate,No candidate is omitted or reported as full-data when sampled.,unqualified,Candidate execution exists; complete durable joint Tune/Train trial/replay/refit/evaluation and signed quality/capacity/fairness qualification.,apps/api/automl_api/training/pipeline.py; training/candidate_runtime.py; training/tune_runtime.py; services/run_admission.py; tests/test_candidate_*.py,Phase 4
P4-G09,4,gate,"No candidate worker or leaderboard process can read raw data or final-test inputs/labels. Exactly one evaluator attempt may CAS-commit a result for a sealed `evaluation_scope`; the task-specific preregistered final-test metric must pass its go/no-go bound, and failure cannot reopen selection.",unqualified,Candidate execution exists; complete durable joint Tune/Train trial/replay/refit/evaluation and signed quality/capacity/fairness qualification.,apps/api/automl_api/training/pipeline.py; training/candidate_runtime.py; training/tune_runtime.py; services/run_admission.py; tests/test_candidate_*.py,Phase 4
P4-G10,4,gate,Evaluator failure before `test_opened_at` can be fenced and resubmitted; failure afterward either registers the already signed result digest or seals the scope failed without issuing another credential or rereading the test.,unqualified,Candidate execution exists; complete durable joint Tune/Train trial/replay/refit/evaluation and signed quality/capacity/fairness qualification.,apps/api/automl_api/training/pipeline.py; training/candidate_runtime.py; training/tune_runtime.py; services/run_admission.py; tests/test_candidate_*.py,Phase 4
P4-G11,4,gate,"Tune search and distributed Train runs restore after worker, driver, head, and cluster loss without duplicate terminal writes.",unqualified,Candidate execution exists; complete durable joint Tune/Train trial/replay/refit/evaluation and signed quality/capacity/fairness qualification.,apps/api/automl_api/training/pipeline.py; training/candidate_runtime.py; training/tune_runtime.py; services/run_admission.py; tests/test_candidate_*.py,Phase 4
P4-G12,4,gate,Search restore replays canonical PostgreSQL events to the same suggestion sequence and produces exactly one `tell` observation per result digest.,unqualified,Candidate execution exists; complete durable joint Tune/Train trial/replay/refit/evaluation and signed quality/capacity/fairness qualification.,apps/api/automl_api/training/pipeline.py; training/candidate_runtime.py; training/tune_runtime.py; services/run_admission.py; tests/test_candidate_*.py,Phase 4
P4-G13,4,gate,"The scope-level refit restores independently, preserves its frozen data-tier and row digests, and publishes at most one pipeline manifest before evaluator credentials can exist.",unqualified,Candidate execution exists; complete durable joint Tune/Train trial/replay/refit/evaluation and signed quality/capacity/fairness qualification.,apps/api/automl_api/training/pipeline.py; training/candidate_runtime.py; training/tune_runtime.py; services/run_admission.py; tests/test_candidate_*.py,Phase 4
P4-G14,4,gate,"The signed provider conformance matrix refits, serializes, reloads, and evaluates every execution-backend class; all outputs pass the frozen bundle parity corpus and prediction/metric tolerance, remain quarantined, and cannot request a release final allocation.",unqualified,Candidate execution exists; complete durable joint Tune/Train trial/replay/refit/evaluation and signed quality/capacity/fairness qualification.,apps/api/automl_api/training/pipeline.py; training/candidate_runtime.py; training/tune_runtime.py; services/run_admission.py; tests/test_candidate_*.py,Phase 4
P5-W01,5,work,Set `additionalProperties: false` throughout the Helm JSON schema and add conditional validation.,open,"Chart controls exist; complete OIDC/TLS trust wiring, HTTPS-only routing, network/credential isolation, ordering, BOM and live conformance.",infra/helm/sceptre/templates/; infra/helm/sceptre/values.schema.json; apps/api/automl_api/services/reconciler.py; tests/test_helm_chart_contracts.py,Phase 5
P5-W02,5,work,Add explicit `production` and `evaluation` modes plus negative production fixtures.,open,"Chart controls exist; complete OIDC/TLS trust wiring, HTTPS-only routing, network/credential isolation, ordering, BOM and live conformance.",infra/helm/sceptre/templates/; infra/helm/sceptre/values.schema.json; apps/api/automl_api/services/reconciler.py; tests/test_helm_chart_contracts.py,Phase 5
P5-W03,5,work,"Add Gateway API `Gateway` and `HTTPRoute`. Remove `className: nginx` from every production fixture and forbid the [retired ingress-nginx controller](https://kubernetes.io/blog/2025/11/11/ingress-nginx-retirement/) in production. If Ingress remains for evaluation compatibility, name a supported controller, owner, and removal date.",partial,Gateway exists but HTTP listener still routes directly to UI; HTTPS-only policy absent.,infra/helm/sceptre/templates/; infra/helm/sceptre/values.schema.json; apps/api/automl_api/services/reconciler.py; tests/test_helm_chart_contracts.py,Phase 5
P5-W04,5,work,"Pin Gateway API CRDs, controller, `GatewayClass`, provider policy CRDs, and conformance profile; test upgrades and API conversion.",open,"Chart controls exist; complete OIDC/TLS trust wiring, HTTPS-only routing, network/credential isolation, ordering, BOM and live conformance.",infra/helm/sceptre/templates/; infra/helm/sceptre/values.schema.json; apps/api/automl_api/services/reconciler.py; tests/test_helm_chart_contracts.py,Phase 5
P5-W05,5,work,"Create separate service accounts for API, migrations, inference, reconciliation, backup, and telemetry. Dynamically provision project-and-stage-scoped base service accounts and broker/issuer bindings for splitter/verifier, preparation, training, champion refit, and champion evaluation, plus isolated provider-stage conformance identities. Head and workers receive only an attempt-scoped delegated grant: splitter may read its one raw object; preparation/training/refit cannot read raw or final prefixes; only the evaluator may read its scope's final inputs and labels after the allocation CAS. Delete attempt pods/tokens during terminal cleanup and disable project issuers on project deletion or security revocation. Provision and verify these bindings during project setup, before run admission, so cloud-IAM propagation is not hidden inside the 120-second start SLO. Attempts receive short-lived pod tokens plus brokered object credentials for the exact attempt; Phase 0A measures principal/service-account quotas, delegation latency, expiry, and revocation.",open,"Chart controls exist; complete OIDC/TLS trust wiring, HTTPS-only routing, network/credential isolation, ordering, BOM and live conformance.",infra/helm/sceptre/templates/; infra/helm/sceptre/values.schema.json; apps/api/automl_api/services/reconciler.py; tests/test_helm_chart_contracts.py,Phase 5
P5-W20,5,work,"Pin the KubeRay operator and custom resource definitions as an enabled-by- default dependency of the Sceptre Helm chart. Define install and upgrade ordering, conversion tests, namespace scope, and least-privilege permissions for `RayCluster`, `RayJob`, and their status/finalizer paths. Permit an external compatible operator only through an explicit chart value. This release does not use `RayService`.",partial,"Chart dependency exists; production policy forbids it, conflicting with guide default ownership.",infra/helm/sceptre/templates/; infra/helm/sceptre/values.schema.json; apps/api/automl_api/services/reconciler.py; tests/test_helm_chart_contracts.py,Phase 5
P5-W07,5,work,"Replace the hand-built static Ray head and worker Deployments with one reconciler-created `RayJob` and embedded ephemeral `RayCluster` per splitter, preparation, training-run, champion-refit, or champion-evaluation attempt. Ray Use the same template for typed provider-stage conformance attempts. Ray autoscaling is the only controller allowed to set any such cluster's worker counts.",open,"Chart controls exist; complete OIDC/TLS trust wiring, HTTPS-only routing, network/credential isolation, ordering, BOM and live conformance.",infra/helm/sceptre/templates/; infra/helm/sceptre/values.schema.json; apps/api/automl_api/services/reconciler.py; tests/test_helm_chart_contracts.py,Phase 5
P5-W08,5,work,"Apply Restricted Pod Security: non-root, seccomp, read-only root filesystem, bounded writable `emptyDir`, dropped capabilities, and no unnecessary service account token.",open,"Chart controls exist; complete OIDC/TLS trust wiring, HTTPS-only routing, network/credential isolation, ordering, BOM and live conformance.",infra/helm/sceptre/templates/; infra/helm/sceptre/values.schema.json; apps/api/automl_api/services/reconciler.py; tests/test_helm_chart_contracts.py,Phase 5
P5-W09,5,work,"Make dynamically generated training and inference resources inherit the same security, labels, topology, affinity, toleration, pull, runtime class, and NetworkPolicy contracts as static resources.",open,"Chart controls exist; complete OIDC/TLS trust wiring, HTTPS-only routing, network/credential isolation, ordering, BOM and live conformance.",infra/helm/sceptre/templates/; infra/helm/sceptre/values.schema.json; apps/api/automl_api/services/reconciler.py; tests/test_helm_chart_contracts.py,Phase 5
P5-W10,5,work,"Keep Ray Jobs, Dashboard, Client, GCS, metrics, and management ports private. Permit `RayJob` CR create/delete only from the reconciler, operator mutation only from the pinned KubeRay controller, and internal dashboard submission only from KubeRay's stage-scoped `K8sJobMode` submitter. No application or tenant calls the Ray Jobs API directly. Disable or restrict the dashboard in production and test every NetworkPolicy denial.",open,"Chart controls exist; complete OIDC/TLS trust wiring, HTTPS-only routing, network/credential isolation, ordering, BOM and live conformance.",infra/helm/sceptre/templates/; infra/helm/sceptre/values.schema.json; apps/api/automl_api/services/reconciler.py; tests/test_helm_chart_contracts.py,Phase 5
P5-W11,5,work,"Add default-deny ingress and egress with explicit DNS, IdP, database, object store, MLflow, registry, metrics, telemetry, and provider identity paths.",missing,No NetworkPolicy template or production-rendered NetworkPolicy found.,infra/helm/sceptre/templates/; infra/helm/sceptre/values.schema.json; apps/api/automl_api/services/reconciler.py; tests/test_helm_chart_contracts.py,Phase 5
P5-W12,5,work,"Add probes, graceful termination, progress deadlines, PDBs, topology spread, and rollout strategy to every long-running workload.",open,"Chart controls exist; complete OIDC/TLS trust wiring, HTTPS-only routing, network/credential isolation, ordering, BOM and live conformance.",infra/helm/sceptre/templates/; infra/helm/sceptre/values.schema.json; apps/api/automl_api/services/reconciler.py; tests/test_helm_chart_contracts.py,Phase 5
P5-W13,5,work,Run migrations as an explicitly ordered deployment stage that must succeed before new application pods roll out. Do not rely on an unordered ordinary Job that can race the Deployment.,partial,Ordinary migration Jobs plus schema-waiting init containers; no ordered pre-rollout deployment stage.,infra/helm/sceptre/templates/; infra/helm/sceptre/values.schema.json; apps/api/automl_api/services/reconciler.py; tests/test_helm_chart_contracts.py,Phase 5
P5-W14,5,work,"Use external PostgreSQL, object storage, and MLflow in production. Run at least three stateless MLflow replicas backed by external database and object store.",open,"Chart controls exist; complete OIDC/TLS trust wiring, HTTPS-only routing, network/credential isolation, ordering, BOM and live conformance.",infra/helm/sceptre/templates/; infra/helm/sceptre/values.schema.json; apps/api/automl_api/services/reconciler.py; tests/test_helm_chart_contracts.py,Phase 5
P5-W15,5,work,Repair smoke tests for disabled bundled services and external dependencies.,open,Smoke template and render tests exist; live external-dependency smoke qualification still required.,infra/helm/sceptre/templates/; infra/helm/sceptre/values.schema.json; apps/api/automl_api/services/reconciler.py; tests/test_helm_chart_contracts.py,Phase 5
P5-W21,5,work,"Add optional `ServiceMonitor`, `PrometheusRule`, and OpenTelemetry Collector. Render KubeRay application resources when the chart-managed pinned operator is enabled or an explicitly declared compatible external operator is present.",missing,"No ServiceMonitor, PrometheusRule or OTel Collector implementation found.",infra/helm/sceptre/templates/; infra/helm/sceptre/values.schema.json; apps/api/automl_api/services/reconciler.py; tests/test_helm_chart_contracts.py,Phase 5
P5-W17,5,work,Keep all inference traffic behind the authenticated project gateway; forbid public per-model Services or Ingress in production.,open,"Chart controls exist; complete OIDC/TLS trust wiring, HTTPS-only routing, network/credential isolation, ordering, BOM and live conformance.",infra/helm/sceptre/templates/; infra/helm/sceptre/values.schema.json; apps/api/automl_api/services/reconciler.py; tests/test_helm_chart_contracts.py,Phase 5
P5-W18,5,work,Include Kubernetes version and API-deprecation checks for the selected common supported minors.,open,"Chart controls exist; complete OIDC/TLS trust wiring, HTTPS-only routing, network/credential isolation, ordering, BOM and live conformance.",infra/helm/sceptre/templates/; infra/helm/sceptre/values.schema.json; apps/api/automl_api/services/reconciler.py; tests/test_helm_chart_contracts.py,Phase 5
P5-W19,5,work,"Generate the signed platform BOM schema and common/staging profile covering Kubernetes, the KubeRay operator and CRDs, Ray images, Gateway/controller, CNI, node autoscaler, CSI, policy engine, and OpenTofu module revisions. Provider phases instantiate and sign environment-specific BOMs. Assign install, upgrade, conversion, rollback, and emergency-removal ownership to each component.",open,"Chart controls exist; complete OIDC/TLS trust wiring, HTTPS-only routing, network/credential isolation, ordering, BOM and live conformance.",infra/helm/sceptre/templates/; infra/helm/sceptre/values.schema.json; apps/api/automl_api/services/reconciler.py; tests/test_helm_chart_contracts.py,Phase 5
P5-G01,5,gate,"`helm lint`, strict values validation, kubeconform, conftest, RBAC `can-i`, and negative production fixtures pass.",unqualified,"Chart controls exist; complete OIDC/TLS trust wiring, HTTPS-only routing, network/credential isolation, ordering, BOM and live conformance.",infra/helm/sceptre/templates/; infra/helm/sceptre/values.schema.json; apps/api/automl_api/services/reconciler.py; tests/test_helm_chart_contracts.py,Phase 5
P5-G02,5,gate,Restricted Pod Security admission accepts every generated workload.,unqualified,"Chart controls exist; complete OIDC/TLS trust wiring, HTTPS-only routing, network/credential isolation, ordering, BOM and live conformance.",infra/helm/sceptre/templates/; infra/helm/sceptre/values.schema.json; apps/api/automl_api/services/reconciler.py; tests/test_helm_chart_contracts.py,Phase 5
P5-G03,5,gate,"Install, upgrade, rollback, and uninstall leave no unmanaged application resources.",unqualified,"Chart controls exist; complete OIDC/TLS trust wiring, HTTPS-only routing, network/credential isolation, ordering, BOM and live conformance.",infra/helm/sceptre/templates/; infra/helm/sceptre/values.schema.json; apps/api/automl_api/services/reconciler.py; tests/test_helm_chart_contracts.py,Phase 5
P5-G04,5,gate,"Production rendering contains no plaintext credential, bundled stateful service, mutable image tag, direct public inference route, or local object proxy.",unqualified,"Chart controls exist; complete OIDC/TLS trust wiring, HTTPS-only routing, network/credential isolation, ordering, BOM and live conformance.",infra/helm/sceptre/templates/; infra/helm/sceptre/values.schema.json; apps/api/automl_api/services/reconciler.py; tests/test_helm_chart_contracts.py,Phase 5
P5-G05,5,gate,"Production rendering contains no Dask resource, static Ray head/worker Deployment, public Ray endpoint, or competing Ray-worker autoscaler.",unqualified,"Chart controls exist; complete OIDC/TLS trust wiring, HTTPS-only routing, network/credential isolation, ordering, BOM and live conformance.",infra/helm/sceptre/templates/; infra/helm/sceptre/values.schema.json; apps/api/automl_api/services/reconciler.py; tests/test_helm_chart_contracts.py,Phase 5
P5-G06,5,gate,"KubeRay CRD conversion and operator upgrade/rollback tests preserve active status/finalizers, and the common/staging BOM digest matches its deployed components.",unqualified,"Chart controls exist; complete OIDC/TLS trust wiring, HTTPS-only routing, network/credential isolation, ordering, BOM and live conformance.",infra/helm/sceptre/templates/; infra/helm/sceptre/values.schema.json; apps/api/automl_api/services/reconciler.py; tests/test_helm_chart_contracts.py,Phase 5
P6-W01,6,work,Use OIDC-only interactive authentication in production. Keep local accounts only in evaluation profiles.,open,"Auth/serving controls exist; complete M2M, effective workload isolation, producer attestation, audit, transport, deletion and live negative/HA qualification.",apps/api/automl_api/security/; inference/app.py; services/deletion.py; services/projects.py; tests/test_oidc_*.py; tests/test_serving_security.py,Phase 6
P6-W02,6,work,Expose runtime auth capabilities so registration/password UI disappears in OIDC-only environments.,open,"Auth/serving controls exist; complete M2M, effective workload isolation, producer attestation, audit, transport, deletion and live negative/HA qualification.",apps/api/automl_api/security/; inference/app.py; services/deletion.py; services/projects.py; tests/test_oidc_*.py; tests/test_serving_security.py,Phase 6
P6-W03,6,work,"Validate JWT issuer, audience, key ID, expiry, and asymmetric signatures; support key rotation, refresh-family reuse revocation, and short lifetimes.",open,"Auth/serving controls exist; complete M2M, effective workload isolation, producer attestation, audit, transport, deletion and live negative/HA qualification.",apps/api/automl_api/security/; inference/app.py; services/deletion.py; services/projects.py; tests/test_oidc_*.py; tests/test_serving_security.py,Phase 6
P6-W04,6,work,Use Argon2id with rehash-on-login for retained local users.,open,"Auth/serving controls exist; complete M2M, effective workload isolation, producer attestation, audit, transport, deletion and live negative/HA qualification.",apps/api/automl_api/security/; inference/app.py; services/deletion.py; services/projects.py; tests/test_oidc_*.py; tests/test_serving_security.py,Phase 6
P6-W05,6,work,Exchange password-reset secrets once and remove them from browser URL/history before rendering.,open,"Auth/serving controls exist; complete M2M, effective workload isolation, producer attestation, audit, transport, deletion and live negative/HA qualification.",apps/api/automl_api/security/; inference/app.py; services/deletion.py; services/projects.py; tests/test_oidc_*.py; tests/test_serving_security.py,Phase 6
P6-W06,6,work,Add single-flight browser refresh to prevent token-rotation races.,open,"Auth/serving controls exist; complete M2M, effective workload isolation, producer attestation, audit, transport, deletion and live negative/HA qualification.",apps/api/automl_api/security/; inference/app.py; services/deletion.py; services/projects.py; tests/test_oidc_*.py; tests/test_serving_security.py,Phase 6
P6-W07,6,work,Add scoped OAuth/M2M clients for automation and model APIs. Never expose HttpOnly browser tokens to JavaScript.,partial,HttpOnly browser sessions present; scoped OAuth/M2M client model and flow not found.,apps/api/automl_api/security/; inference/app.py; services/deletion.py; services/projects.py; tests/test_oidc_*.py; tests/test_serving_security.py,Phase 6
P6-W08,6,work,"Complete member removal, role update, invitation revocation, ownership transfer, and project lifecycle APIs.",open,"Auth/serving controls exist; complete M2M, effective workload isolation, producer attestation, audit, transport, deletion and live negative/HA qualification.",apps/api/automl_api/security/; inference/app.py; services/deletion.py; services/projects.py; tests/test_oidc_*.py; tests/test_serving_security.py,Phase 6
P6-W09,6,work,"Fix owner-invite, share-link-use, viewer-compute, and member-email authorization gaps.",open,"Auth/serving controls exist; complete M2M, effective workload isolation, producer attestation, audit, transport, deletion and live negative/HA qualification.",apps/api/automl_api/security/; inference/app.py; services/deletion.py; services/projects.py; tests/test_oidc_*.py; tests/test_serving_security.py,Phase 6
P6-W10,6,work,"Emit semantic, tamper-evident audit events for membership, upload, training, promotion, deployment, prediction administration, cleanup, and governance.",open,"Auth/serving controls exist; complete M2M, effective workload isolation, producer attestation, audit, transport, deletion and live negative/HA qualification.",apps/api/automl_api/security/; inference/app.py; services/deletion.py; services/projects.py; tests/test_oidc_*.py; tests/test_serving_security.py,Phase 6
P6-W11,6,work,"Assign distinct workload identities and least-privilege object prefixes to migrations, API, reconciliation, splitter/verifier, Ray preparation, Ray training, champion refit, champion evaluation, credential brokerage, MLflow, provider-stage conformance, `ReleaseFinalTestAuthority`, inference, backup, and audit delivery. Never grant a generic project Ray object identity. The training/refit clusters cannot read raw or final-test objects, and the evaluator cannot mutate training evidence.",open,"Auth/serving controls exist; complete M2M, effective workload isolation, producer attestation, audit, transport, deletion and live negative/HA qualification.",apps/api/automl_api/security/; inference/app.py; services/deletion.py; services/projects.py; tests/test_oidc_*.py; tests/test_serving_security.py,Phase 6
P6-W12,6,work,Remove full application database credentials from training Jobs. Use a restricted worker role or authenticated callback API.,partial,Ordinary Job builder uses worker DB secret; Ray builder still injects application DB secret.,apps/api/automl_api/security/; inference/app.py; services/deletion.py; services/projects.py; tests/test_oidc_*.py; tests/test_serving_security.py,Phase 6
P6-W13,6,work,"Treat code inside each per-attempt Ray cluster as trusted server-generated code, not a sandbox for hostile payloads. Block client-controlled `runtime_env`, entrypoints, code URIs, Python callables, pip/conda packages, imports, and arbitrary expressions. The per-attempt cluster, project-and-stage identity, network policy, and object prefix form the cross-project and raw/test execution boundary.",open,"Auth/serving controls exist; complete M2M, effective workload isolation, producer attestation, audit, transport, deletion and live negative/HA qualification.",apps/api/automl_api/security/; inference/app.py; services/deletion.py; services/projects.py; tests/test_oidc_*.py; tests/test_serving_security.py,Phase 6
P6-W14,6,work,"Resolve every object URI through a project-scoped storage descriptor. Reject arbitrary schemes, hosts, local paths, and redirects to prevent server-side request forgery. Bound parser CPU, memory, decompression, row width, nesting, and malformed-input retries.",open,"Auth/serving controls exist; complete M2M, effective workload isolation, producer attestation, audit, transport, deletion and live negative/HA qualification.",apps/api/automl_api/security/; inference/app.py; services/deletion.py; services/projects.py; tests/test_oidc_*.py; tests/test_serving_security.py,Phase 6
P6-W15,6,work,"Add poisoning and integrity checks for benchmark data, feature definitions, checkpoints, metrics, model-selection evidence, and registry promotion.",open,"Auth/serving controls exist; complete M2M, effective workload isolation, producer attestation, audit, transport, deletion and live negative/HA qualification.",apps/api/automl_api/security/; inference/app.py; services/deletion.py; services/projects.py; tests/test_oidc_*.py; tests/test_serving_security.py,Phase 6
P6-W16,6,work,"Sign model artifacts with release/workload identity and verify producer, digest, runtime lock, and project before deserialization.",partial,Inference checks SHA256 before joblib.load; producer signature/runtime-lock attestation not verified.,apps/api/automl_api/security/; inference/app.py; services/deletion.py; services/projects.py; tests/test_oidc_*.py; tests/test_serving_security.py,Phase 6
P6-W17,6,work,"Prefer non-executable model formats where supported. Treat signed Joblib and pickle artifacts as executable code, isolate deserialization, and never load an artifact from an untrusted producer or project.",open,"Auth/serving controls exist; complete M2M, effective workload isolation, producer attestation, audit, transport, deletion and live negative/HA qualification.",apps/api/automl_api/security/; inference/app.py; services/deletion.py; services/projects.py; tests/test_oidc_*.py; tests/test_serving_security.py,Phase 6
P6-W18,6,work,"Bundle the signed feature contract and recipe with the model. Reject missing, unknown, mistyped, unavailable, or oversized inference inputs and prove offline/serving feature parity against the versioned parity corpus and per-output exact/tolerance policy.",open,"Auth/serving controls exist; complete M2M, effective workload isolation, producer attestation, audit, transport, deletion and live negative/HA qualification.",apps/api/automl_api/security/; inference/app.py; services/deletion.py; services/projects.py; tests/test_oidc_*.py; tests/test_serving_security.py,Phase 6
P6-W19,6,work,"Complete a formal threat model for upload/object storage, PostgreSQL/outbox, Ray control plane, object spill, checkpoints, MLflow, inference, OIDC, CI/CD, and qualification evidence. Assign an owner and mitigation to every high risk before Phase 13.",open,"Auth/serving controls exist; complete M2M, effective workload isolation, producer attestation, audit, transport, deletion and live negative/HA qualification.",apps/api/automl_api/security/; inference/app.py; services/deletion.py; services/projects.py; tests/test_oidc_*.py; tests/test_serving_security.py,Phase 6
P6-W20,6,work,"Freeze a versioned threat-model methodology before scoring: enumerate every data-flow-diagram process, store, external actor, data flow, and trust boundary and assess all six STRIDE categories as applicable. Score likelihood and impact from 1–5 using signed rubrics; `risk_score = likelihood × impact`, and treat score ≥15 or impact 5 as high. A methodology/reclassification change creates a new reviewed revision. Accepting a high risk requires the security owner, affected data/service owner, and release approver, with compensating controls and expiry no later than 90 days.",open,"Auth/serving controls exist; complete M2M, effective workload isolation, producer attestation, audit, transport, deletion and live negative/HA qualification.",apps/api/automl_api/security/; inference/app.py; services/deletion.py; services/projects.py; tests/test_oidc_*.py; tests/test_serving_security.py,Phase 6
P6-W21,6,work,"Enforce the Phase 0A transport-security matrix: validate TLS/mTLS peers and trust roots for database, object, MLflow, registry, telemetry, and supported Ray control/data paths; rotate certificates without disabling verification. Keep every Ray endpoint private even when encrypted. Any pinned-Ray plaintext exception requires an explicit, expiring high-risk acceptance and a node/network trusted boundary that cannot contain workloads from another project.",open,"Auth/serving controls exist; complete M2M, effective workload isolation, producer attestation, audit, transport, deletion and live negative/HA qualification.",apps/api/automl_api/security/; inference/app.py; services/deletion.py; services/projects.py; tests/test_oidc_*.py; tests/test_serving_security.py,Phase 6
P6-W22,6,work,"Define data classification, lawful purpose, region pinning, subprocessor inventory, data-subject export/deletion, deletion SLA, legal hold, backup deletion, and cryptographic key-lifecycle requirements.",open,"Auth/serving controls exist; complete M2M, effective workload isolation, producer attestation, audit, transport, deletion and live negative/HA qualification.",apps/api/automl_api/security/; inference/app.py; services/deletion.py; services/projects.py; tests/test_oidc_*.py; tests/test_serving_security.py,Phase 6
P6-W23,6,work,"Implement deletion with durable tombstones plus cryptographic erasure for project/retention-cohort data-encryption keys. Delete active copies and access bindings immediately under the approved SLA; retain immutable backups only until their declared expiry. A restore stays quarantined while tombstones are replayed and erased keys are denied, then a second inventory proves deleted data cannot reappear. Record legal-hold scope/expiry, DSAR identity, residency, key rotation, backup expiry, and restore-then-redelete evidence.",partial,Deletion tombstones and legal-hold checks exist; cohort-key erasure and quarantined restore/redelete absent.,apps/api/automl_api/security/; inference/app.py; services/deletion.py; services/projects.py; tests/test_oidc_*.py; tests/test_serving_security.py,Phase 6
P6-W24,6,work,"Encrypt and isolate Ray object spill, temporary volumes, checkpoints, and logs. Clean them when a run, tenant, node, or cluster terminates. Governed serving classes: | Class | Replicas | HPA | Resources per pod | | --- | ---: | --- | --- | | Small | 2–10 | CPU 60%, memory 70% | 500m CPU / 1 GiB | | Medium | 2–20 | CPU 60%, memory 70% | 1 CPU / 4 GiB | | Large | 3–30 | CPU 60%, memory 70% | 2 CPU / 8 GiB |",open,"Auth/serving controls exist; complete M2M, effective workload isolation, producer attestation, audit, transport, deletion and live negative/HA qualification.",apps/api/automl_api/security/; inference/app.py; services/deletion.py; services/projects.py; tests/test_oidc_*.py; tests/test_serving_security.py,Phase 6
P6-G01,6,gate,Every role/action pair has positive and negative tests.,unqualified,"Auth/serving controls exist; complete M2M, effective workload isolation, producer attestation, audit, transport, deletion and live negative/HA qualification.",apps/api/automl_api/security/; inference/app.py; services/deletion.py; services/projects.py; tests/test_oidc_*.py; tests/test_serving_security.py,Phase 6
P6-G02,6,gate,"Cross-project database, object, artifact, log, and inference access fails.",unqualified,"Auth/serving controls exist; complete M2M, effective workload isolation, producer attestation, audit, transport, deletion and live negative/HA qualification.",apps/api/automl_api/security/; inference/app.py; services/deletion.py; services/projects.py; tests/test_oidc_*.py; tests/test_serving_security.py,Phase 6
P6-G03,6,gate,"Same-project cross-attempt and cross-scope object access fails; a replacement attempt can read only explicitly allowlisted predecessor checkpoints, and a second evaluator credential cannot be minted after `test_opened_at`.",unqualified,"Auth/serving controls exist; complete M2M, effective workload isolation, producer attestation, audit, transport, deletion and live negative/HA qualification.",apps/api/automl_api/security/; inference/app.py; services/deletion.py; services/projects.py; tests/test_oidc_*.py; tests/test_serving_security.py,Phase 6
P6-G04,6,gate,"Non-canonical provider and provider-conformance identities cannot resolve, decrypt, or open a release final allocation. Concurrent central-authority requests produce one canonical open/commit sequence and signed denials for every other provider.",unqualified,"Auth/serving controls exist; complete M2M, effective workload isolation, producer attestation, audit, transport, deletion and live negative/HA qualification.",apps/api/automl_api/security/; inference/app.py; services/deletion.py; services/projects.py; tests/test_oidc_*.py; tests/test_serving_security.py,Phase 6
P6-G05,6,gate,"OIDC MFA, revocation, JWKS rotation, logout, reset leakage, CSRF, refresh race, and account-linking tests pass.",unqualified,"Auth/serving controls exist; complete M2M, effective workload isolation, producer attestation, audit, transport, deletion and live negative/HA qualification.",apps/api/automl_api/security/; inference/app.py; services/deletion.py; services/projects.py; tests/test_oidc_*.py; tests/test_serving_security.py,Phase 6
P6-G06,6,gate,Direct unauthenticated inference is impossible.,unqualified,"Auth/serving controls exist; complete M2M, effective workload isolation, producer attestation, audit, transport, deletion and live negative/HA qualification.",apps/api/automl_api/security/; inference/app.py; services/deletion.py; services/projects.py; tests/test_oidc_*.py; tests/test_serving_security.py,Phase 6
P6-G07,6,gate,Tampered or untrusted-producer artifacts fail before deserialization.,unqualified,"Auth/serving controls exist; complete M2M, effective workload isolation, producer attestation, audit, transport, deletion and live negative/HA qualification.",apps/api/automl_api/security/; inference/app.py; services/deletion.py; services/projects.py; tests/test_oidc_*.py; tests/test_serving_security.py,Phase 6
P6-G08,6,gate,"Offline and serving outputs preserve ordered feature names/types and pass every exact/tolerant feature and prediction oracle, including all frozen boundary cases; `batch_only` online requests fail with the expected code.",unqualified,"Auth/serving controls exist; complete M2M, effective workload isolation, producer attestation, audit, transport, deletion and live negative/HA qualification.",apps/api/automl_api/security/; inference/app.py; services/deletion.py; services/projects.py; tests/test_oidc_*.py; tests/test_serving_security.py,Phase 6
P6-G09,6,gate,"Ray management endpoints reject public and tenant access; malicious runtime environment, code, expression, parser, and parameter payloads fail closed.",unqualified,"Auth/serving controls exist; complete M2M, effective workload isolation, producer attestation, audit, transport, deletion and live negative/HA qualification.",apps/api/automl_api/security/; inference/app.py; services/deletion.py; services/projects.py; tests/test_oidc_*.py; tests/test_serving_security.py,Phase 6
P6-G10,6,gate,"Every endpoint marked TLS/mTLS in the transport-security matrix rejects an unknown CA, wrong identity/SAN, expired certificate, and plaintext downgrade; rotation preserves verified connectivity within its frozen error-rate threshold. Any explicitly accepted Ray-path exception passes its dedicated isolation/negative tests and remains visible in the signed risk register.",unqualified,"Auth/serving controls exist; complete M2M, effective workload isolation, producer attestation, audit, transport, deletion and live negative/HA qualification.",apps/api/automl_api/security/; inference/app.py; services/deletion.py; services/projects.py; tests/test_oidc_*.py; tests/test_serving_security.py,Phase 6
P6-G11,6,gate,"Tenant deletion removes active raw uploads, prepared data, samples, feature artifacts, Ray spill/checkpoints, Tune state, MLflow, models, replicas, and governed logs within the approved SLA. Retained backups cannot decrypt the erased tenant/cohort data and expire on schedule; PITR cannot expose data before tombstone replay.",unqualified,"Auth/serving controls exist; complete M2M, effective workload isolation, producer attestation, audit, transport, deletion and live negative/HA qualification.",apps/api/automl_api/security/; inference/app.py; services/deletion.py; services/projects.py; tests/test_oidc_*.py; tests/test_serving_security.py,Phase 6
P6-G12,6,gate,"Restore-then-redelete, legal-hold release, residency, DSAR, and key-rotation tests satisfy the signed deletion policy before restored services leave quarantine.",unqualified,"Auth/serving controls exist; complete M2M, effective workload isolation, producer attestation, audit, transport, deletion and live negative/HA qualification.",apps/api/automl_api/security/; inference/app.py; services/deletion.py; services/projects.py; tests/test_oidc_*.py; tests/test_serving_security.py,Phase 6
P6-G13,6,gate,"Every DFD element and applicable STRIDE category has a disposition, and the count of unaccepted high-risk items under the signed scoring revision is zero. Accepted high risks carry all three required approvals, compensating control, and an expiry within 90 days.",unqualified,"Auth/serving controls exist; complete M2M, effective workload isolation, producer attestation, audit, transport, deletion and live negative/HA qualification.",apps/api/automl_api/security/; inference/app.py; services/deletion.py; services/projects.py; tests/test_oidc_*.py; tests/test_serving_security.py,Phase 6
P6-G14,6,gate,"During node and zone loss, authenticated serving remains within the frozen availability/error-rate SLI threshold and records zero integrity or cross-project failures.",unqualified,"Auth/serving controls exist; complete M2M, effective workload isolation, producer attestation, audit, transport, deletion and live negative/HA qualification.",apps/api/automl_api/security/; inference/app.py; services/deletion.py; services/projects.py; tests/test_oidc_*.py; tests/test_serving_security.py,Phase 6
P7-W01,7,work,"Emit structured JSON logs with request, user, project, dataset, run, candidate, database attempt, Ray cluster/job/trial/Train run, and trace identifiers.",open,"Logging, dashboard and retention foundations exist; telemetry/alert/schedule/HA/restore/runbook infrastructure and operational evidence are incomplete.",apps/api/automl_api/core/structured_logging.py; workflow_reconciler.py; services/monitoring.py; services/retention.py,Phase 7
P7-W02,7,work,"Propagate OpenTelemetry context through API, outbox, workers, Kubernetes Jobs, KubeRay, Ray Data/Tune/Train, object operations, MLflow, and inference.",missing,No end-to-end OpenTelemetry instrumentation found.,apps/api/automl_api/core/structured_logging.py; workflow_reconciler.py; services/monitoring.py; services/retention.py,Phase 7
P7-W03,7,work,"Export metrics for HTTP, authentication, database pools, upload bytes/retries, session age, object failures, queue depth/age, leases, candidate duration and status, feature generation/rejection, sampling, Ray object-store memory, reusable-feature cache hits/misses, object reads, shuffle/spill, pending workers/nodes, autoscaling, inference, and reconciliation.",open,"Logging, dashboard and retention foundations exist; telemetry/alert/schedule/HA/restore/runbook infrastructure and operational evidence are incomplete.",apps/api/automl_api/core/structured_logging.py; workflow_reconciler.py; services/monitoring.py; services/retention.py,Phase 7
P7-W04,7,work,"Create dashboards for control plane, ingestion, preparation, training, catalog completion, serving, capacity, and provider dependencies.",open,"Logging, dashboard and retention foundations exist; telemetry/alert/schedule/HA/restore/runbook infrastructure and operational evidence are incomplete.",apps/api/automl_api/core/structured_logging.py; workflow_reconciler.py; services/monitoring.py; services/retention.py,Phase 7
P7-W05,7,work,"Monitor ML health by deployed model/feature-contract revision: offline versus serving transform skew, feature missingness/range/category drift, prediction and confidence drift, delayed-ground-truth performance and calibration, and online-state freshness. Freeze alert thresholds, minimum sample sizes, immutable reference-distribution revision/window, statistical test and effect size, multiple-feature correction, task-specific ground-truth cohort, label-maturity/censoring rule, investigation owner, rollback rule, and retraining trigger without using the locked final test as a monitoring dataset.",open,"Logging, dashboard and retention foundations exist; telemetry/alert/schedule/HA/restore/runbook infrastructure and operational evidence are incomplete.",apps/api/automl_api/core/structured_logging.py; workflow_reconciler.py; services/monitoring.py; services/retention.py,Phase 7
P7-W06,7,work,"Alert on SLO burn, upload stalls, checksum mismatch, old queue entries, lost heartbeat, catalog failure, unschedulable work, slow node scale-up, dependency failure, certificate expiry, audit delivery loss, and backup failure.",missing,No operator alert-delivery/rule deployment and timing qualification found.,apps/api/automl_api/core/structured_logging.py; workflow_reconciler.py; services/monitoring.py; services/retention.py,Phase 7
P7-W07,7,work,Implement deployment and monitoring reconcilers; execute database-stored monitoring schedules.,partial,Deployment/workflow reconcilers exist; persisted model-monitoring schedules are not executed.,apps/api/automl_api/core/structured_logging.py; workflow_reconciler.py; services/monitoring.py; services/retention.py,Phase 7
P7-W08,7,work,"Configure managed PostgreSQL HA, PITR, encrypted backup, pooling, failover alarms, and automated restore.",open,"Logging, dashboard and retention foundations exist; telemetry/alert/schedule/HA/restore/runbook infrastructure and operational evidence are incomplete.",apps/api/automl_api/core/structured_logging.py; workflow_reconciler.py; services/monitoring.py; services/retention.py,Phase 7
P7-W09,7,work,"Configure object versioning/soft deletion, lifecycle cleanup, retention, and backup replication where required.",open,"Logging, dashboard and retention foundations exist; telemetry/alert/schedule/HA/restore/runbook infrastructure and operational evidence are incomplete.",apps/api/automl_api/core/structured_logging.py; workflow_reconciler.py; services/monitoring.py; services/retention.py,Phase 7
P7-W10,7,work,Move audit retention and purge to a durable scheduled workflow. Do not perform synchronous purge on every API startup. Enforce 30-day searchable logs and 365-day audit retention unless the approved data policy is stricter.,partial,Audit purge moved to reconciler timer; searchable log backend and full durable retention evidence absent.,apps/api/automl_api/core/structured_logging.py; workflow_reconciler.py; services/monitoring.py; services/retention.py,Phase 7
P7-W11,7,work,"Implement and version the datastore-specific RPO/RTO matrix in Section 2.7 for PostgreSQL, raw/prepared object data, feature registry, Tune/Train checkpoints, MLflow metadata/artifacts, model registry, audit, and qualification evidence. A database-only restore is insufficient.",open,"Logging, dashboard and retention foundations exist; telemetry/alert/schedule/HA/restore/runbook infrastructure and operational evidence are incomplete.",apps/api/automl_api/core/structured_logging.py; workflow_reconciler.py; services/monitoring.py; services/retention.py,Phase 7
P7-W12,7,work,"Back up and restore the isolated release final-allocation authority separately; while it is unavailable or its signed event chain is incomplete, deny fixture distribution, evaluator grants, final reads, and promotion.",open,"Logging, dashboard and retention foundations exist; telemetry/alert/schedule/HA/restore/runbook infrastructure and operational evidence are incomplete.",apps/api/automl_api/core/structured_logging.py; workflow_reconciler.py; services/monitoring.py; services/retention.py,Phase 7
P7-W13,7,work,Back up MLflow metadata and verify database/artifact consistency.,open,"Logging, dashboard and retention foundations exist; telemetry/alert/schedule/HA/restore/runbook infrastructure and operational evidence are incomplete.",apps/api/automl_api/core/structured_logging.py; workflow_reconciler.py; services/monitoring.py; services/retention.py,Phase 7
P7-W14,7,work,Persist signed evidence manifests with file digests to an immutable or write-once external audit destination. Database paths alone are not evidence integrity.,open,"Logging, dashboard and retention foundations exist; telemetry/alert/schedule/HA/restore/runbook infrastructure and operational evidence are incomplete.",apps/api/automl_api/core/structured_logging.py; workflow_reconciler.py; services/monitoring.py; services/retention.py,Phase 7
P7-W15,7,work,"Publish runbooks for dependency outage, node exhaustion, stuck upload, failed candidate, catalog regression, certificate expiry, database failover, object corruption, release rollback, and tenant security incident.",open,"Logging, dashboard and retention foundations exist; telemetry/alert/schedule/HA/restore/runbook infrastructure and operational evidence are incomplete.",apps/api/automl_api/core/structured_logging.py; workflow_reconciler.py; services/monitoring.py; services/retention.py,Phase 7
P7-W16,7,work,Run restore exercises at least quarterly.,open,"Logging, dashboard and retention foundations exist; telemetry/alert/schedule/HA/restore/runbook infrastructure and operational evidence are incomplete.",apps/api/automl_api/core/structured_logging.py; workflow_reconciler.py; services/monitoring.py; services/retention.py,Phase 7
P7-W17,7,work,"Drill Ray worker, driver, head, operator leader, node, ephemeral `RayCluster`, Kubernetes cluster, object-store, and database loss independently. The application reconciler owns Ray-workload replacement; platform/OpenTofu and on-call own Kubernetes-cluster reconstruction before application replay. Verify fenced resubmission, remote restore, identity recreation, and cleanup of partial placements and spill.",open,"Logging, dashboard and retention foundations exist; telemetry/alert/schedule/HA/restore/runbook infrastructure and operational evidence are incomplete.",apps/api/automl_api/core/structured_logging.py; workflow_reconciler.py; services/monitoring.py; services/retention.py,Phase 7
P7-W18,7,work,"Define alert ownership, escalation, acknowledgement, and evidence retention. The provisional qualification profile requires critical-rule detection ≤2 minutes, notification ≤1 minute later, acknowledgement ≤15 minutes, and clear ≤5 minutes after recovery; warning rules use ≤5 minutes, ≤5 minutes, ≤4 hours, and ≤15 minutes respectively. Deterministic drills allow zero missed or duplicate notifications, and the 72-hour soak allows at most one unexplained false page per rule. Phase 0A may tighten these values before approval.",open,"Logging, dashboard and retention foundations exist; telemetry/alert/schedule/HA/restore/runbook infrastructure and operational evidence are incomplete.",apps/api/automl_api/core/structured_logging.py; workflow_reconciler.py; services/monitoring.py; services/retention.py,Phase 7
P7-W19,7,work,"Define monthly service level indicators (SLIs), error-budget calculations, and measurement windows for the 99.9% objective. Treat the 72-hour soak as one reliability input, not proof of a monthly availability target.",open,"Logging, dashboard and retention foundations exist; telemetry/alert/schedule/HA/restore/runbook infrastructure and operational evidence are incomplete.",apps/api/automl_api/core/structured_logging.py; workflow_reconciler.py; services/monitoring.py; services/retention.py,Phase 7
P7-W20,7,work,"Keep metric labels bounded. Put user, dataset, run, candidate, and trial IDs in traces or logs rather than high-cardinality metric labels.",open,"Logging, dashboard and retention foundations exist; telemetry/alert/schedule/HA/restore/runbook infrastructure and operational evidence are incomplete.",apps/api/automl_api/core/structured_logging.py; workflow_reconciler.py; services/monitoring.py; services/retention.py,Phase 7
P7-G01,7,gate,One distributed trace follows upload → prepare → train → register → deploy → predict.,unqualified,"Logging, dashboard and retention foundations exist; telemetry/alert/schedule/HA/restore/runbook infrastructure and operational evidence are incomplete.",apps/api/automl_api/core/structured_logging.py; workflow_reconciler.py; services/monitoring.py; services/retention.py,Phase 7
P7-G02,7,gate,"Every alert meets its signed detection, notification, acknowledgement, clear, duplicate, and false-positive thresholds during drills and soak.",unqualified,"Logging, dashboard and retention foundations exist; telemetry/alert/schedule/HA/restore/runbook infrastructure and operational evidence are incomplete.",apps/api/automl_api/core/structured_logging.py; workflow_reconciler.py; services/monitoring.py; services/retention.py,Phase 7
P7-G03,7,gate,Database failover loses or duplicates no queued work.,unqualified,"Logging, dashboard and retention foundations exist; telemetry/alert/schedule/HA/restore/runbook infrastructure and operational evidence are incomplete.",apps/api/automl_api/core/structured_logging.py; workflow_reconciler.py; services/monitoring.py; services/retention.py,Phase 7
P7-G04,7,gate,Every Section 2.7 durability row passes its named RPO/RTO or acknowledged-write loss threshold and test method; retention-only predicates pass their boundary queries. PostgreSQL/MLflow metadata specifically achieve RPO ≤15 minutes and RTO ≤4 hours.,unqualified,"Logging, dashboard and retention foundations exist; telemetry/alert/schedule/HA/restore/runbook infrastructure and operational evidence are incomplete.",apps/api/automl_api/core/structured_logging.py; workflow_reconciler.py; services/monitoring.py; services/retention.py,Phase 7
P7-G05,7,gate,"Ray head and ephemeral-RayCluster loss recreate work from durable state under the workflow deadline without lost lineage, duplicate final evaluation, or stale-fence writes. A separate Kubernetes-cluster-loss drill restores the signed platform profile, identities, services, and workflow replay within the regional application service RTO.",unqualified,"Logging, dashboard and retention foundations exist; telemetry/alert/schedule/HA/restore/runbook infrastructure and operational evidence are incomplete.",apps/api/automl_api/core/structured_logging.py; workflow_reconciler.py; services/monitoring.py; services/retention.py,Phase 7
P7-G06,7,gate,"Release-authority loss restores with zero acknowledged state/event loss within four hours, then replays assignment/open/commit receipts and the three- provider race test before any final credential can be issued.",unqualified,"Logging, dashboard and retention foundations exist; telemetry/alert/schedule/HA/restore/runbook infrastructure and operational evidence are incomplete.",apps/api/automl_api/core/structured_logging.py; workflow_reconciler.py; services/monitoring.py; services/retention.py,Phase 7
P7-G07,7,gate,Reconciliation reports zero orphan Kubernetes and object-store resources.,unqualified,"Logging, dashboard and retention foundations exist; telemetry/alert/schedule/HA/restore/runbook infrastructure and operational evidence are incomplete.",apps/api/automl_api/core/structured_logging.py; workflow_reconciler.py; services/monitoring.py; services/retention.py,Phase 7
P7-G08,7,gate,"ML-health fixtures trigger and clear every frozen skew/drift/performance alert, reproduce corrected statistical decisions under mature/censored label cohorts, and record the rollback/retraining action required by policy.",unqualified,"Logging, dashboard and retention foundations exist; telemetry/alert/schedule/HA/restore/runbook infrastructure and operational evidence are incomplete.",apps/api/automl_api/core/structured_logging.py; workflow_reconciler.py; services/monitoring.py; services/retention.py,Phase 7
P8-W01,8,work,Pin GitHub Actions by commit and base images by digest.,partial,Main workflow Actions commit-pinned; several Dockerfile bases remain tag-pinned.,.github/workflows/ci.yml; Dockerfile*; infra/locks/; schemas/; tests/test_release_identity_schemas.py,Phase 8
P8-W02,8,work,Generate hashed Python locks per runtime and enforce `npm ci` with the committed lock.,open,CI and image foundations exist; complete hermetic signed multiarch immutable-candidate and admission/deploy/rollback workflows.,.github/workflows/ci.yml; Dockerfile*; infra/locks/; schemas/; tests/test_release_identity_schemas.py,Phase 8
P8-W03,8,work,"Standardize preparation/trainer/inference Python, Ray, PyArrow, Polars, and model-library ABI.",open,CI and image foundations exist; complete hermetic signed multiarch immutable-candidate and admission/deploy/rollback workflows.,.github/workflows/ci.yml; Dockerfile*; infra/locks/; schemas/; tests/test_release_identity_schemas.py,Phase 8
P8-W04,8,work,Split lightweight control/API images from ML training images.,open,CI and image foundations exist; complete hermetic signed multiarch immutable-candidate and admission/deploy/rollback workflows.,.github/workflows/ci.yml; Dockerfile*; infra/locks/; schemas/; tests/test_release_identity_schemas.py,Phase 8
P8-W05,8,work,"Build the isolated qualification-control service/tooling hermetically, sign its image and receipt-schema revision, and include its digest in the artifact manifest. It is release-board infrastructure, not a tenant or FastAPI route, and its database/credentials remain outside provider application charts.",missing,No isolated hermetic qualification-control service image/manifest found.,.github/workflows/ci.yml; Dockerfile*; infra/locks/; schemas/; tests/test_release_identity_schemas.py,Phase 8
P8-W06,8,work,"Build UI, API, inference, and standard CPU training for AMD64 and ARM64. Keep Intel/NVIDIA images AMD64 with scheduling guards.",missing,CI image builds specify linux/amd64; required ARM64 matrix absent.,.github/workflows/ci.yml; Dockerfile*; infra/locks/; schemas/; tests/test_release_identity_schemas.py,Phase 8
P8-W07,8,work,Correct NVIDIA version injection and make every image non-root.,open,CI and image foundations exist; complete hermetic signed multiarch immutable-candidate and admission/deploy/rollback workflows.,.github/workflows/ci.yml; Dockerfile*; infra/locks/; schemas/; tests/test_release_identity_schemas.py,Phase 8
P8-W08,8,work,Build helper images hermetically or consume verified upstream digests.,open,CI and image foundations exist; complete hermetic signed multiarch immutable-candidate and admission/deploy/rollback workflows.,.github/workflows/ci.yml; Dockerfile*; infra/locks/; schemas/; tests/test_release_identity_schemas.py,Phase 8
P8-W09,8,work,"Generate SPDX and CycloneDX SBOMs, SLSA provenance, vulnerability/license reports, and keyless cosign signatures.",open,CI and image foundations exist; complete hermetic signed multiarch immutable-candidate and admission/deploy/rollback workflows.,.github/workflows/ci.yml; Dockerfile*; infra/locks/; schemas/; tests/test_release_identity_schemas.py,Phase 8
P8-W10,8,work,"Freeze supply-chain policy: zero known-exploited vulnerabilities and zero unwaived exploitable critical/high findings in released artifacts; an explicit license allow/deny list; remediation SLAs by severity; and a waiver schema with owner, rationale, compensating control, approver, and expiry. Admission rejects a missing/invalid signature, provenance, SBOM, platform BOM, prohibited license, expired waiver, or disallowed vulnerability.",open,CI and image foundations exist; complete hermetic signed multiarch immutable-candidate and admission/deploy/rollback workflows.,.github/workflows/ci.yml; Dockerfile*; infra/locks/; schemas/; tests/test_release_identity_schemas.py,Phase 8
P8-W11,8,work,"Run repository, image, rendered-manifest, and history secret scanning. Block confirmed findings and rehearse credential revocation and rotation before release.",open,CI and image foundations exist; complete hermetic signed multiarch immutable-candidate and admission/deploy/rollback workflows.,.github/workflows/ci.yml; Dockerfile*; infra/locks/; schemas/; tests/test_release_identity_schemas.py,Phase 8
P8-W12,8,work,Enforce signatures and approved provenance at cluster admission.,missing,No cosign/provenance cluster-admission enforcement found.,.github/workflows/ci.yml; Dockerfile*; infra/locks/; schemas/; tests/test_release_identity_schemas.py,Phase 8
P8-W13,8,work,"Replace automatic patch guessing with one immutable artifact manifest containing embedded artifact version, Git SHA, chart digest, image digests, Python ABI, dependency lock, Ray/Polars versions, catalog, feature-contract/registry schema revisions, platform-compatibility contract revision, canonical qualification suggestion-log/workload revisions, and migration range. It contains no mutable qualification status or provider BOM that does not yet exist.",missing,CI still guesses next unused patch; immutable production artifact manifest not produced.,.github/workflows/ci.yml; Dockerfile*; infra/locks/; schemas/; tests/test_release_identity_schemas.py,Phase 8
P8-W14,8,work,"Define and test the qualification-attestation and release-channel-pointer schemas, but do not create a final attestation or publish the stable pointer.",open,CI and image foundations exist; complete hermetic signed multiarch immutable-candidate and admission/deploy/rollback workflows.,.github/workflows/ci.yml; Dockerfile*; infra/locks/; schemas/; tests/test_release_identity_schemas.py,Phase 8
P8-W15,8,work,"Promote the same candidate digest set through development, staging, local conformance, and provider qualification environments.",open,CI and image foundations exist; complete hermetic signed multiarch immutable-candidate and admission/deploy/rollback workflows.,.github/workflows/ci.yml; Dockerfile*; infra/locks/; schemas/; tests/test_release_identity_schemas.py,Phase 8
P8-W16,8,work,"Use protected GitHub environments and provider OIDC. Store no static cloud key in GitHub. OIDC supplies identity, not private network reachability: run deploy/qualification jobs on ephemeral, outbound-only self-hosted runners in or privately peered to each cloud network, with a separately bootstrapped runner identity and automatic teardown. Required workflows: ```text pull-request.yml lint, tests, contracts, chart policy, kind/k3d E2E build-release.yml build once, scan, sign, publish candidate manifest infra-bootstrap.yml protected state backend, CI federation, runner network infra-plan.yml OpenTofu fmt/validate/security/plan infra-apply.yml protected-environment approval and apply deploy.yml atomic Helm deployment of immutable manifest qualify.yml provider conformance/performance/chaos suite rollback.yml application rollback when schema compatibility permits ```",missing,No provider-federated private-runner infrastructure/deploy/qualification workflows found.,.github/workflows/ci.yml; Dockerfile*; infra/locks/; schemas/; tests/test_release_identity_schemas.py,Phase 8
P8-G01,8,gate,"Two hermetic builds from the same source, lockfiles, toolchain, and build inputs produce identical deployable artifact digests; the comparison report lists every digest and contains zero unexplained difference.",unqualified,CI and image foundations exist; complete hermetic signed multiarch immutable-candidate and admission/deploy/rollback workflows.,.github/workflows/ci.yml; Dockerfile*; infra/locks/; schemas/; tests/test_release_identity_schemas.py,Phase 8
P8-G02,8,gate,Every running image is digest-referenced and signature-verified.,unqualified,CI and image foundations exist; complete hermetic signed multiarch immutable-candidate and admission/deploy/rollback workflows.,.github/workflows/ci.yml; Dockerfile*; infra/locks/; schemas/; tests/test_release_identity_schemas.py,Phase 8
P8-G03,8,gate,The qualification-control service runs the artifact-manifest digest and its allocation/receipt schema passes concurrent cross-provider CAS and recovery tests before any locked fixture is distributed.,unqualified,CI and image foundations exist; complete hermetic signed multiarch immutable-candidate and admission/deploy/rollback workflows.,.github/workflows/ci.yml; Dockerfile*; infra/locks/; schemas/; tests/test_release_identity_schemas.py,Phase 8
P8-G04,8,gate,"Vulnerability and license policy passes with zero prohibited finding, and the platform-compatibility contract/BOM schemas are signed and admission-tested.",unqualified,CI and image foundations exist; complete hermetic signed multiarch immutable-candidate and admission/deploy/rollback workflows.,.github/workflows/ci.yml; Dockerfile*; infra/locks/; schemas/; tests/test_release_identity_schemas.py,Phase 8
P8-G05,8,gate,The candidate manifest and digest set deployed to staging are immutable and ready for provider qualification; this phase creates no qualification attestation and changes no stable production pointer.,unqualified,CI and image foundations exist; complete hermetic signed multiarch immutable-candidate and admission/deploy/rollback workflows.,.github/workflows/ci.yml; Dockerfile*; infra/locks/; schemas/; tests/test_release_identity_schemas.py,Phase 8
P8-G06,8,gate,Failed rollout returns automatically to the previous compatible release.,unqualified,CI and image foundations exist; complete hermetic signed multiarch immutable-candidate and admission/deploy/rollback workflows.,.github/workflows/ci.yml; Dockerfile*; infra/locks/; schemas/; tests/test_release_identity_schemas.py,Phase 8
P8-G07,8,gate,Migration rollback limitations are explicit and rehearsed.,unqualified,CI and image foundations exist; complete hermetic signed multiarch immutable-candidate and admission/deploy/rollback workflows.,.github/workflows/ci.yml; Dockerfile*; infra/locks/; schemas/; tests/test_release_identity_schemas.py,Phase 8
P9-W01,9,work,"Provide one `sceptrectl local` interface with `preflight`, `create`, `load-images`, `install`, `verify`, `upgrade`, and `destroy`.",partial,Commands exist without the specified local subcommand; verify is Helm smoke only.,scripts/sceptrectl; infra/local-versions.yaml; infra/helm/sceptre/values-*.yaml; tests/test_sceptrectl.py,Phase 9
P9-W02,9,work,Pin local runtime and Kubernetes versions in the repository.,open,"Local CLI/profiles exist; complete pinned runtime add-ons and four-runtime full journeys, bounded workstation load and Railway contracts.",scripts/sceptrectl; infra/local-versions.yaml; infra/helm/sceptre/values-*.yaml; tests/test_sceptrectl.py,Phase 9
P9-W03,9,work,"k3d: three-node configuration, local registry or explicit image import, metrics-server, and Envoy Gateway.",partial,k3d topology/registry present; pinned Envoy Gateway installation absent.,scripts/sceptrectl; infra/local-versions.yaml; infra/helm/sceptre/values-*.yaml; tests/test_sceptrectl.py,Phase 9
P9-W04,9,work,"Minikube: Docker driver, three nodes, metrics-server, storage add-on, explicit image loading, and CPU-only default.",partial,Minikube three-node Docker creation present; pinned Kubernetes version and explicit metrics/storage add-on setup absent.,scripts/sceptrectl; infra/local-versions.yaml; infra/helm/sceptre/values-*.yaml; tests/test_sceptrectl.py,Phase 9
P9-W05,9,work,"MicroK8s: pinned snap channel, `dns`, `hostpath-storage`, and `metrics-server` add-ons; install a pinned conformant Gateway controller/CRDs separately; import images into containerd and document node-local storage warnings.",partial,MicroK8s channel/add-ons present; Gateway installation absent.,scripts/sceptrectl; infra/local-versions.yaml; infra/helm/sceptre/values-*.yaml; tests/test_sceptrectl.py,Phase 9
P9-W06,9,work,"kind: three-node CI target with explicit image loading, storage, metrics, and a Gateway implementation.",partial,"kind three-node creation present; pinned image, metrics and Gateway bootstrap absent.",scripts/sceptrectl; infra/local-versions.yaml; infra/helm/sceptre/values-*.yaml; tests/test_sceptrectl.py,Phase 9
P9-W07,9,work,Use port-forwarding as the universal exposure fallback.,open,"Local CLI/profiles exist; complete pinned runtime add-ons and four-runtime full journeys, bounded workstation load and Railway contracts.",scripts/sceptrectl; infra/local-versions.yaml; infra/helm/sceptre/values-*.yaml; tests/test_sceptrectl.py,Phase 9
P9-W08,9,work,"Bundle SeaweedFS/MinIO, PostgreSQL, and MLflow only in evaluation mode.",open,"Local CLI/profiles exist; complete pinned runtime add-ons and four-runtime full journeys, bounded workstation load and Railway contracts.",scripts/sceptrectl; infra/local-versions.yaml; infra/helm/sceptre/values-*.yaml; tests/test_sceptrectl.py,Phase 9
P9-W19,9,work,"Install the chart-pinned KubeRay operator through the same Sceptre release and use the same Ray custom-resource contract as managed clusters, with smaller CPU-only worker limits.",open,"Local CLI/profiles exist; complete pinned runtime add-ons and four-runtime full journeys, bounded workstation load and Railway contracts.",scripts/sceptrectl; infra/local-versions.yaml; infra/helm/sceptre/values-*.yaml; tests/test_sceptrectl.py,Phase 9
P9-W10,9,work,"Add a single-node evaluation profile for an 8-core, 24 GB workstation. Limit Ray plus application memory to a measured safe bound, enable spill to an explicit workspace path, stream Polars batches, and publish the largest qualified local workload. Do not claim the production concurrency or deadline.",open,"Local CLI/profiles exist; complete pinned runtime add-ons and four-runtime full journeys, bounded workstation load and Railway contracts.",scripts/sceptrectl; infra/local-versions.yaml; infra/helm/sceptre/values-*.yaml; tests/test_sceptrectl.py,Phase 9
P9-W11,9,work,State prominently that local environments do not meet the 15-user production capacity certification.,open,"Local CLI/profiles exist; complete pinned runtime add-ons and four-runtime full journeys, bounded workstation load and Railway contracts.",scripts/sceptrectl; infra/local-versions.yaml; infra/helm/sceptre/values-*.yaml; tests/test_sceptrectl.py,Phase 9
P9-W12,9,work,Do not call the target “Railway Kubernetes.” Railway maps services rather than exposing a Helm-managed Kubernetes cluster. See the [Railway Compose model](https://docs.railway.com/guides/docker-compose).,open,"Local CLI/profiles exist; complete pinned runtime add-ons and four-runtime full journeys, bounded workstation load and Railway contracts.",scripts/sceptrectl; infra/local-versions.yaml; infra/helm/sceptre/values-*.yaml; tests/test_sceptrectl.py,Phase 9
P9-W13,9,work,Use Railway GraphQL only to create optional non-production PostgreSQL/bucket contract environments.,open,"Local CLI/profiles exist; complete pinned runtime add-ons and four-runtime full journeys, bounded workstation load and Railway contracts.",scripts/sceptrectl; infra/local-versions.yaml; infra/helm/sceptre/values-*.yaml; tests/test_sceptrectl.py,Phase 9
P9-W14,9,work,Validate `s3_compatible` behavior against Railway Buckets and database TLS/pooling against Railway PostgreSQL.,unqualified,No actual Railway bucket/PostgreSQL TLS/pooling campaign evidence found.,scripts/sceptrectl; infra/local-versions.yaml; infra/helm/sceptre/values-*.yaml; tests/test_sceptrectl.py,Phase 9
P9-W15,9,work,"Use the environment-scoped Railway project token for routine contract tests, honor API rate limits, redact it everywhere, and never place it in the application. Pre-create the environment or use a one-time workspace-token bootstrap from a protected infrastructure workflow, then revoke that broader token.",open,"Local CLI/profiles exist; complete pinned runtime add-ons and four-runtime full journeys, bounded workstation load and Railway contracts.",scripts/sceptrectl; infra/local-versions.yaml; infra/helm/sceptre/values-*.yaml; tests/test_sceptrectl.py,Phase 9
P9-W16,9,work,"Railway Buckets do not provide the production lifecycle/versioning/object-lock controls required here. Mark those capabilities false, rely on application abort/reconciliation for contract cleanup, and never qualify Railway storage as a production data plane. Track the current [Railway Bucket limitations](https://docs.railway.com/storage-buckets) in the contract fixture.",open,"Local CLI/profiles exist; complete pinned runtime add-ons and four-runtime full journeys, bounded workstation load and Railway contracts.",scripts/sceptrectl; infra/local-versions.yaml; infra/helm/sceptre/values-*.yaml; tests/test_sceptrectl.py,Phase 9
P9-W17,9,work,"Do not run Sceptre API, training workers, or inference controller on Railway in this release; they require Kubernetes workload APIs.",open,"Local CLI/profiles exist; complete pinned runtime add-ons and four-runtime full journeys, bounded workstation load and Railway contracts.",scripts/sceptrectl; infra/local-versions.yaml; infra/helm/sceptre/values-*.yaml; tests/test_sceptrectl.py,Phase 9
P9-W18,9,work,Require a separate ADR and qualification before adding a Railway execution backend.,open,"Local CLI/profiles exist; complete pinned runtime add-ons and four-runtime full journeys, bounded workstation load and Railway contracts.",scripts/sceptrectl; infra/local-versions.yaml; infra/helm/sceptre/values-*.yaml; tests/test_sceptrectl.py,Phase 9
P9-G01,9,gate,"Fresh create → install → login → resume upload → profile → CPU train → deploy internally → predict → upgrade → uninstall passes on k3d, kind, Minikube, and MicroK8s.",unqualified,"Local CLI/profiles exist; complete pinned runtime add-ons and four-runtime full journeys, bounded workstation load and Railway contracts.",scripts/sceptrectl; infra/local-versions.yaml; infra/helm/sceptre/values-*.yaml; tests/test_sceptrectl.py,Phase 9
P9-G02,9,gate,"The 8-core, 24 GB profile processes the approved 10 GB/10 GiB local fixture without full-data pandas conversion, unbounded collection, or host OOM.",unqualified,"Local CLI/profiles exist; complete pinned runtime add-ons and four-runtime full journeys, bounded workstation load and Railway contracts.",scripts/sceptrectl; infra/local-versions.yaml; infra/helm/sceptre/values-*.yaml; tests/test_sceptrectl.py,Phase 9
P9-G03,9,gate,Railway's declared basic storage and database contracts pass; unsupported lifecycle/versioning/object-lock capabilities are reported false and are not treated as successful production controls.,unqualified,"Local CLI/profiles exist; complete pinned runtime add-ons and four-runtime full journeys, bounded workstation load and Railway contracts.",scripts/sceptrectl; infra/local-versions.yaml; infra/helm/sceptre/values-*.yaml; tests/test_sceptrectl.py,Phase 9
P9-G04,9,gate,Documentation clearly marks core Railway deployment unsupported.,unqualified,"Local CLI/profiles exist; complete pinned runtime add-ons and four-runtime full journeys, bounded workstation load and Railway contracts.",scripts/sceptrectl; infra/local-versions.yaml; infra/helm/sceptre/values-*.yaml; tests/test_sceptrectl.py,Phase 9
